SMILES,Type,Relation,Value
O=C(NC1CCN(CCCN2C(=O)COc3ccccc32)CC1)c1ccccc1,EC50,,
Cc1ccccc1CN1CCC(N2CCC(n3c(=O)[nH]c4cc(F)ccc43)CC2)CC1,EC50,'=',0.85
O=C(c1cccc(Cl)c1)N1CCC(N2CCC(n3c(=O)[nH]c4cc(Cl)ccc43)CC2)CC1,EC50,'=',7110
CC(=O)OCC[N+](C)(C)C,EC50,'=',1.1
,,,
O=C(Cc1ccccc1)NC1CCN(CCCN2C(=O)CCc3cc(F)ccc32)CC1,EC50,'=',49
CCO[C@H]1CC[C@](C)(N2CCC(n3c(=O)oc4ccc(S(C)(=O)=O)cc43)CC2)CC1,EC50,'=',12.59
CCO[C@H]1CC[C@](C)(N2CCC(n3c(=O)oc4ccc(S(=O)(=O)CC)cc43)CC2)CC1,EC50,'=',199.53
COCCO[C@H]1CC[C@](C)(N2CCC(n3c(=O)oc4ccc(C#N)cc43)CC2)CC1,EC50,'=',10
C(#Cc1ccccc1)COc1nsnc1[C@H]1CN2CCC[C@H]1C2,EC50,'=',0.5
C(#Cc1ccccc1)COc1nsnc1[C@@H]1CN2CCC[C@@H]1C2,EC50,,
O=C(NC1CCN(CCCN2C(=O)COc3ccccc32)CC1)C1CC1,EC50,'=',110
O=c1[nH]c2ccccc2n1C1CCN(C2CCCCC2)CC1,EC50,'=',12.59
C[N+](C)(C)CCOC(N)=O.[Cl-],EC50,'=',3162.28
CN1CCC=C(c2nsnc2OCCOCCOCCOCCOc2nsnc2C2=CCCN(C)C2)C1,EC50,'=',290
CCCOc1nsnc1OC1CN2CCC1CC2,EC50,,
CN1CCC=C(c2nsnc2OCCCCCCCCCC2CCN(CCCN3C(=O)CCc4ccccc43)CC2)C1,EC50,'=',870.96
O=C1CCc2ccccc2N1CCCN1CCC(CCCCCO)CC1,EC50,'=',204.17
O=C1CCc2ccccc2N1CCCN1CCC(CCCCCCCCCO)CC1,EC50,'=',295.12
CCCCCCOc1nsnc1C1=CCCN(C)C1,EC50,'=',16218.1
,,,
,,,
Cc1ccc(Cn2nc3c4ccccc4n(Cc4ccccn4)cc-3c2=O)c(C)c1,EC50,'=',3790
O=c1c2cn(Cc3ccccc3)c3ccccc3c-2nn1Cc1ccccn1,EC50,'>',10000
Cc1ccc(Cn2nc3c4ccccc4n(Cc4ccc(F)cc4)cc-3c2=O)c(C)c1,EC50,'=',2041.74
Cc1ccc(Cn2nc3c4ccccc4n(Cc4ccncc4)cc-3c2=O)c(C)c1,EC50,'=',1548.82
,,,
Cc1cccc(Cn2nc3c4ccccc4n(Cc4ccccc4)cc-3c2=O)c1,EC50,,
Cc1ccc(Cn2nc3c4ccccc4n(Cc4ccc(-c5cnn(C)c5)cc4F)cc-3c2=O)c(C)c1,EC50,'=',1949.84
O=c1c2cn(Cc3ccccc3)c3ccccc3c-2nn1Cc1ccccn1,EC50,'>',10000
O=c1c2c[nH]c3ccccc3c-2nn1[C@@H]1CCCC[C@H]1O,EC50,,
Cc1ccc(Cn2nc3c4ccccc4n(Cc4ccc(-n5cccn5)cc4)cc-3c2=O)c(C)c1,EC50,'=',1150
COc1ccc(Cn2cc3c(=O)n(Cc4ccc(C)cc4C)nc-3c3ccccc32)c(F)c1,EC50,,
O=c1c2cn(Cc3ccccc3)c3ccccc3c-2nn1Cc1cccc(F)c1,EC50,,
O=c1c2cn(Cc3ccccc3)c3ccccc3c-2nn1Cc1ccccc1F,EC50,'=',1000
Cn1nc2c3ccccc3n(Cc3ccccc3)cc-2c1=O,EC50,'>',10000
O=c1c2cn(Cc3ccc(-n4cccn4)cc3)c3ccccc3c-2nn1Cc1ccccc1,EC50,'>',10
CN1CCC=C(c2nsnc2SCCCCSc2nsnc2C2=CCCN(C)C2)C1,EC50,'=',570
C[N+](C)(C)CCOC(N)=O.[Cl-],EC50,'=',4600
,,,
O=C(NC1CCN(CCCN2C(=O)COc3ccccc32)CC1)C1CCC1,EC50,'=',160
CCC(=O)NC1CCN(CCCN2C(=O)COc3cc(F)c(F)cc32)CC1,EC50,'=',10
CCN(CC)c1ccc2c(-c3ccc(S(=O)(=O)NCCCCCC4CCN(CCCC(=O)c5ccccc5C)CC4)cc3S(=O)(=O)[O-])c3ccc(=[N+](CC)CC)cc-3oc2c1,EC50,'=',25118.86
,,,
Cn1ccc2c(Cc3ccc(-c4nccs4)cc3)cc(C(=O)N[C@@H]3CCOC[C@H]3O)nc21,EC50,'=',89.13
CCSCc1nsnc1OC1CN2CCC1CC2,EC50,,
O=C(c1ccccc1C(F)(F)F)N1CCC(N2CCC(n3c(=O)[nH]c4cc(Cl)ccc43)CC2)CC1,EC50,'=',11100
C[N+](C)(C)CC#CCOC1=NOCC1,EC50,'=',2.042
CC[C@@H]1SC2(CCNCC2)N(CCCCCCCCOc2ccc3cc(Cn4cc(C(=O)O)c(=O)c5cccc(F)c54)ccc3c2)C1=O,EC50,'=',60.26
COc1ccc(C(=O)N[C@@H]2c3cc(/N=C(\C)N(C)Cc4ccc(F)cc4)ccc3C[C@H]2O)cc1,EC50,'=',166
CO/N=C(\C#N)[C@H]1CN2CCC1CC2,EC50,'=',63.6
CB1C=Cc2c(cccc2OCC(O)CN(C)C)N1,EC50,'>',5011.87
N#Cc1ccccc1CN1CCC(N2CCC(n3c(=O)[nH]c4ccccc43)CC2)CC1,EC50,'=',490
CC1(C)CC(CNC(=O)c2ccccc2-c2nc(Cl)cs2)CC(C)(C)N1,EC50,'=',794.33
O=C(NCC1CCNCC1)c1ccccc1-c1cccc(Cl)c1,EC50,'=',63.1
Cc1c(Cl)cccc1-c1ccccc1C(=O)NCC1CCNCC1,EC50,'>',10000
O=C(NCC1CCNCC1)c1ccccc1-c1ccc(Cl)c(Cl)c1,EC50,'=',50.12
Cc1[nH]c(=O)c(C(=O)N[C@H]2CC(O)CC[C@@H]2O)cc1Cc1ccc(-n2cccn2)cc1,EC50,'=',12
CO[C@H]1CC[C@](C)(N2CCC(n3c(=O)oc4ccc(C)cc43)CC2)CC1,EC50,'=',7.943
CCO[C@H]1CC[C@](C)(N2CCC(n3c(=O)oc4ccccc43)CC2)CC1,EC50,'=',25.12
CCO[C@H]1CC[C@](C)(N2CCC(n3c(=O)oc4cc(F)c(C)cc43)CC2)CC1,EC50,'=',1
CCO[C@H]1CC[C@](C)(N2CCC(n3c(=O)oc4c(F)cc(C)cc43)CC2)CC1,EC50,'=',1.259
CCO[C@H]1CC[C@](C)(N2CCC(n3c(=O)oc4ccc(OC)cc43)CC2)CC1,EC50,'=',2.512
CN1CCC=C(c2nsnc2SCCCCCCCCCCCCSc2nsnc2C2=CCCN(C)C2)C1,EC50,'=',13000
O=[N+]([O-])c1ccc2c(c1)C(c1ccccc1)=NCC(=S)N2,EC50,'=',4479
CC[C@@H]1N=C(c2ccccc2)c2cc(Cl)ccc2NC1=S,EC50,'=',187
Fc1ccccc1C1=N[C@@H](c2ccccc2)C(=S)Nc2ccc(Cl)cc21,EC50,'=',1465
CC(C)[C@@H]1N=C(c2ccccc2)c2cc(Cl)ccc2NC1=S,EC50,'=',70
CC(C)[C@H]1N=C(c2ccccc2)c2cc(Cl)ccc2NC1=S,EC50,'=',521
CC(C)=C1N=C(c2ccccc2)c2cc(Cl)ccc2NC1=S,EC50,'>',10000
CCCC1=N[C@@H](C(C)C)C(=S)Nc2ccc(Cl)cc21,EC50,'>',10000
CC1N=C(c2ccccc2)c2ccccc2NC1=S,EC50,'=',552
C[N+](C)(C)CCc1ccc2c(c1)OCC2.O=C[O-],EC50,'=',4800
O=C(N[C@H]1CCCC[C@@H]1O)C1CN(Cc2ccc(-n3cccn3)cc2)c2cccc(F)c2O1,EC50,'=',141.25
O=C(N[C@H]1CCOC[C@@H]1O)C1CN(Cc2ccc(-n3cccn3)cc2)c2ccccc2O1,EC50,'=',186.21
O=C(NC1CCCCC1)C1CN(Cc2ccc(-n3cccn3)cc2)c2ccccc2O1,EC50,'>',10000
CN(C)c1ccc(CN2CC(C(=O)N[C@H]3CCCC[C@@H]3O)Oc3ccccc32)cn1,EC50,'=',3801.89
O=C(N[C@H]1CCCC[C@@H]1O)C1CN(Cc2ccc(C(F)(F)F)nc2)c2ccccc2O1,EC50,'=',3630.78
COc1ccc(Cn2cc(C(=O)O)c(=O)c3ccccc32)cc1,EC50,'<',100
O=C(N[C@H]1CCCC[C@@H]1O)[C@H]1CN(Cc2ccc(-n3cccn3)cc2)c2ccccc2O1,EC50,'=',250
O=C(N[C@H]1CCCC[C@@H]1O)C1CN(Cc2ccc(-n3cccn3)nc2)c2ccccc2O1,EC50,'=',707.95
O=C(N[C@H]1CCCC[C@@H]1O)C1CN(Cc2ccc(-n3cccn3)nc2)c2ccccc2O1,EC50,'=',780
O=C(N[C@H]1CCCC[C@@H]1O)C1CN(Cc2ccc(-n3cccn3)cc2)c2c(F)cccc2O1,EC50,'=',3090.3
O=C(N[C@H]1CCCC[C@@H]1O)C1CN(Cc2ccc(-n3cccn3)cc2)c2ccccc2O1,EC50,'=',794.33
CC1(C(=O)N[C@H]2CCCC[C@@H]2O)CN(Cc2ccc(-n3cccn3)cc2)c2ccccc2O1,EC50,'=',7300
O=C(N[C@H]1CCCC[C@@H]1O)C1CN(Cc2ccc(-n3cccn3)cc2)c2c(F)cccc2O1,EC50,'=',3180
NC1CCCCC1NC(=O)C1CN(Cc2ccc(-n3cccn3)cc2)c2ccccc2O1,EC50,'=',2300
CC(O)(CNC(=O)C1CN(Cc2ccc(-n3cccn3)cc2)c2ccccc2O1)C1CC1,EC50,'=',1900
CN(C)c1ccc(CN2CC(C(=O)N[C@H]3CCCC[C@@H]3O)Oc3ccccc32)cn1,EC50,'=',3800
Cn1cc(-c2ccc(CN3CC(C(=O)N[C@H]4CCCC[C@@H]4O)Oc4ccccc43)cn2)cn1,EC50,'=',220
,,,
Cn1cc(-c2ccc(CN3C(=O)C4(CCN(C5CCCC5)C4)c4ccccc43)cc2F)cn1,EC50,'=',2000
Cc1nn(C)cc1-c1ccc(CN2C(=O)C3(CCN(C4CCCC4)C3)c3ccccc32)c(F)c1,EC50,'=',3019.95
Cn1cc(-c2ccc(CN3C(=O)C4(CCN(C5CCCC5)C4)c4ccccc43)c(F)c2)cn1,EC50,'=',3090.3
Cn1cc(-c2ccc(CN3C(=O)C4(CCNCC4)c4ccccc43)c(F)c2)cn1,EC50,'>',10000
CC(C)[C@@H]1N=C(c2ccccc2)c2ccc(Cl)cc2NC1=S,EC50,'=',399
COc1ccc2c(c1)C(c1ccccc1)=N[C@@H](C(C)C)C(=S)N2,EC50,'=',559
O=C(N[C@H]1C(O)CCC[C@@H]1O)c1cn(Cc2ccc(-n3cccn3)cc2)c2cccnc12,EC50,'>',249
CC#CCO/N=C1\CN2CCC1C2,EC50,'=',1900
O=C(N[C@H]1CCOC[C@@H]1O)c1cn(Cc2ccc(-c3cc[nH]n3)cc2)c2cccnc12,EC50,'=',65
CCCCCCSc1nsnc1OC1CN2CCC1CC2,EC50,'=',225
,,,
Fc1ccccc1C1=NCC(=S)Nc2ccc(I)cc21,EC50,'=',2154
Fc1ccccc1C1=N[C@H](c2ccccc2)C(=S)Nc2ccc(Cl)cc21,EC50,'>',10000
CC(C)C[C@@H]1N=C(c2ccccc2Cl)c2cc(Cl)ccc2NC1=S,EC50,'>',10000
CC1N=C(c2ccccc2)c2cc(C#N)ccc2NC1=S,EC50,'>',10000
Cc1ccc(C)c(Cn2nc3c4ccccc4[nH]cc-3c2=O)c1,EC50,'>',30000
O=C1CCc2ccccc2N1CCCN1CCC(CCCCCCCO)CC1,EC50,'=',229.09
,,,
CN1CCC=C(c2nsnc2OCCCCCC2CCN(CCCN3C(=O)CCc4ccccc43)CC2)C1,EC50,'=',20.42
O=C1CCc2ccccc2N1CCCN1CCC(CCCCCCCO)CC1,EC50,'=',85.11
C[N+](C)(CC#CCOC1=NOCC1)CCCCCCNC(=O)c1cn(Cc2ccccc2)c2cc(Br)ccc2c1=O.[Br-],EC50,'=',15.49
O=C(Cc1ccccc1)NC1CCN(CCCN2C(=O)CCc3ccc(F)cc32)CC1,EC50,'=',51
O=C1CCCN1CC#CCN1CCCC1,EC50,'=',1.6
CCC(=O)NC1CCN(CCCN2C(=O)CCc3cc(F)ccc32)CC1,EC50,'=',9
CCC(=O)NC1CCN(CCCN2C(=O)CCc3ccc(F)cc32)CC1,EC50,'=',20
CC(=O)N(Cc1ccccc1-c1cccc(Cl)c1)CC1CCNCC1,EC50,'=',398.11
O=C(NCC1=CCNCC1)c1c(F)cccc1-c1cccc(Cl)c1,EC50,'=',3.162
O=C(NCC1CCNCC1)c1c(-c2cccc(Cl)c2)ccc(Cl)c1F,EC50,'=',25.12
,,,
O=C(Cc1ccccc1)NC1CCN(CCCN2C(=O)CSc3ccccc32)CC1,EC50,'=',100
O=C(CCc1ccccc1)NC1CCN(CCCN2C(=O)COc3ccccc32)CC1,EC50,'=',970
O=C(NC1CCN(CCCN2C(=O)COc3ccccc32)CC1)C1CCCC1,EC50,'=',350
O=C(NC1CCN(CCCN2C(=O)COc3ccccc32)CC1)C1CCCCC1,EC50,,
CCC(=O)NC1CCN(CCCN2C(=O)CCc3cccc(F)c32)CC1,EC50,'=',310
O=C(NCC1CCOCC1)c1ccccc1-c1nc(Cl)cs1,EC50,'>',10000
CC(=O)Nc1cccc(-c2ccccc2C(=O)NCC2CCNCC2)c1,EC50,'>',10000
O=c1[nH]c2ccccc2n1C1CCN(C2CCN(Cc3ccccc3C(F)(F)F)CC2)CC1,EC50,'=',410
CCCCCCOc1nsnc1C1=CCCN(C)C1,EC50,'=',1.6
COc1ccc(CC(=O)NC2CCN(CCCN3C(=O)CCc4cc(F)c(F)cc43)CC2)cc1OC,EC50,'=',13
CCC(=O)NC1CCN(CCCN2C(=O)CCc3cc(F)c(F)cc32)CC1,EC50,'=',20
Clc1cccc(C#CCSc2nsnc2C23CN4CC2C3C4)c1,EC50,'=',9
CCCSc1nsnc1OC1CN2CCCC1C2,EC50,,
C(#Cc1ccccc1)COc1nsnc1C12CN3CC1C2C3,EC50,'=',70.5
CCCCCCOc1nsnc1C1=CCCN(C)C1,EC50,'=',200
CCCCOc1nsnc1OCCN(C)C,EC50,,
C(#Cc1ccccc1)COc1nsnc1[C@H]1CN2CCC1C2,EC50,'=',0.99
Cc1cc2c(cc1Cc1ccc(-c3cnn(C)c3)cc1)C(=O)N([C@H]1CCOC[C@@H]1O)C2,EC50,'=',27
Cn1ccc(-c2ccc(Cn3cc(C(=O)N[C@H]4CCOC[C@@H]4O)c4ncccc43)cc2)n1,EC50,'=',55
Cc1cccc(-c2cccc(Cl)c2)c1C(=O)NCC1CCNCC1,EC50,'>',10000
O=C(NCC1CCNCC1)c1cccnc1-c1cccc(Cl)c1,EC50,'>',10000
Clc1cccc(-c2ccccc2/C=C/CC2CCNCC2)c1,EC50,'=',1000
Clc1cccc(-c2ccccc2OCCC2CCNCC2)c1,EC50,'>',10000
O=C(Cc1ccccc1-c1cccc(Cl)c1)NC1CCNCC1,EC50,'=',158.49
CS(=O)(=O)N(Cc1c(F)cccc1-c1cccc(Cl)c1)CC1CCNCC1,EC50,'=',1584.89
O=C(NC[C@H]1CCNC[C@H]1F)c1c(F)cccc1-c1cccc(Cl)c1,EC50,'=',158.49
COCCO[C@H]1CC[C@](C)(N2CCC(n3c(=O)oc4ccc(C)cc43)CC2)CC1,EC50,'=',2.512
O=C(N[C@H]1CCCC[C@@H]1O)c1cn(Cc2ccc(-n3cccn3)cc2)c2ccccc12,EC50,'=',163
Cc1ccnc2c(C(=O)N[C@H]3CCOC[C@@H]3O)cn(Cc3ccc(-c4ccn(C)n4)cc3)c12,EC50,'=',9
Cc1ccc(C)c(CN2C(=O)C(=O)c3ccccc32)c1,EC50,,
Cn1cc(-c2ccc(Cn3cc4c(=O)[nH]nc-4c4ccccc43)c(F)c2)cn1,EC50,'=',0.6
O=C(NCC1CCNCC1)c1c(Cl)cccc1-c1cccc(Cl)c1,EC50,'=',63.1
O=C(NCC1CCNCC1)c1ccncc1-c1cccc(Cl)c1,EC50,'>',10000
O=C(NCC1CCNCC1)c1sccc1-c1cccc(Cl)c1,EC50,'>',10000
O=C(NCCC1CCNCC1)c1ccccc1-c1cccc(Cl)c1,EC50,'=',3162.28
CC[C@H]1CNCC[C@@H]1CNC(=O)c1c(F)cccc1-c1cccc(Cl)c1,EC50,'=',39.81
FC(F)(F)c1ccc2c(c1)C(c1ccccc1)=NCC(=S)N2,EC50,'=',516
CC(C)[C@@H]1N=C(N2CCCCC2)c2cc(Cl)ccc2NC1=S,EC50,'>',10000
CCN(Cc1ccccc1C(F)(F)F)C(=O)C1CCN(S(=O)(=O)c2ccc3[nH]ncc3c2)CC1,EC50,'=',5400
CCCCCCOc1nsnc1OC1CN2CCC1CC2,EC50,'=',258.9
C#CCO[C@H]1CN2CCC1CC2,EC50,'=',820
,,,
CCCSc1nsnc1OC1CN2CCC1C2,EC50,'=',161.7
C(#Cc1ccccc1)COc1nsnc1[C@@H]1CN2CCC[C@H]1C2,EC50,'=',28.3
Cn1cc(-c2cc(F)c(CN3C(=O)C4(CCN(C5CCCC5)C4)c4ccccc43)c(F)c2)cn1,EC50,'=',2630.27
Fc1cccc(-c2cccc(Cl)c2)c1-c1noc(C2CCNCC2)n1,EC50,'>',10000
O=C1CCc2ccccc2N1CCCN1CCN(c2ccccc2)CC1,EC50,'=',645.65
Cn1cc(-c2ccc(Cc3cc(C(=O)NC4CCOCC4)nc4c3ccn4C)cn2)cn1,EC50,'=',323.59
Cn1ccc(-c2ccc(Cc3cc(C(=O)N[C@@H]4CCCC[C@H]4O)nc4c3ccn4C)cc2)n1,EC50,'=',181.97
Cn1cc(-c2ccc(Cc3cc(C(=O)NC4CCOCC4)nc4c3ccn4C)cn2)cn1,EC50,'=',320
Cc1ccc(Cn2nc3c4ccccc4n(Cc4ccc(-c5cnn(C)c5)cc4F)cc-3c2=O)c(C)c1,EC50,'=',1940
O=c1c2cn(Cc3ccccc3)c3ccccc3c-2nn1Cc1ccccc1,EC50,,
CCN(Cc1ccccc1)C(=O)C1CCN(S(=O)(=O)c2ccc3c(c2)OCCO3)CC1,EC50,'>',30000
Cc1cc2c(cc1F)[nH]c(=O)n2C1CCN(C2CCOCC2)CC1,EC50,'=',7.943
Cc1ccc2[nH]c(=O)n(C3CCN(C4CCOCC4)CC3)c2c1,EC50,'=',5.012
CN1CCN(CC(=O)N2c3ccccc3C(=O)Nc3cccnc32)CC1,EC50,,
CC(C)NCC(O)COc1cccc2ccccc12,EC50,'>',5011.87
Fc1cccc(C#CCOc2nsnc2C23CN4CC2C3C4)c1,EC50,'=',4.9
C(#Cc1ccccc1)COc1nsnc1C12CN3CC1C2C3,EC50,'=',70.5
O=c1[nH]c2ccccc2n1C1CCN(C2CCN(Cc3ccccc3C(F)(F)F)CC2)CC1,EC50,'=',334
Cn1cc(-c2ccc(CN3Cc4ncccc4C3=O)c(F)c2)cn1,EC50,'=',2600
Clc1ccc(C#CCOc2nsnc2C23CN4CC2C3C4)cc1,EC50,,
CN1CCC=C(c2nsnc2OCCCCCCCCCC2CCN(CCCN3C(=O)CCc4ccccc43)CC2)C1,EC50,'=',61659.5
C[N+](C)(C)CCOC(N)=O,EC50,'=',18620.87
,,,
CCCO[C@H]1CC[C@](C)(N2CCC(n3c(=O)[nH]c4cc(F)c(C)cc43)CC2)CC1,EC50,'=',0.3981
O=C(NCC1CCNCC1)c1ccccc1-c1ccc(C(F)(F)F)cc1,EC50,'>',10000
O=C(NCC1CCNCC1)c1ccccc1-c1cc(F)cc(Cl)c1,EC50,'>',10000
O=C(NCC1CCN2CCCC1C2)c1ccccc1-c1cccc(Cl)c1,EC50,'>',10000
COC(=O)C1=CCCN(C)C1,EC50,'=',5603
O=C(N[C@H]1CCOC[C@@H]1O)c1cc(Cc2ccc(-n3cccn3)cc2)c(CO)cn1,EC50,'=',338
Cc1cnc(C(=O)N[C@@H](CCO)[C@@H](O)CO)cc1Cc1ccc(-n2cccn2)cc1,EC50,'>',300
SC1=Nc2ccc(Cl)cc2C(c2ccccc2)=NC1,EC50,'=',180
CC(=O)c1ccc2c(c1)C(c1ccccc1)=NC(C)C(=S)N2,EC50,'>',10000
Cn1cc(-c2ccc(CN3C(=O)C4(CCN(C(=O)C5CCCCC5)C4)c4ccccc43)c(F)c2)cn1,EC50,'=',5000
CCN1CCC2(C1)C(=O)N(Cc1ccc(-c3cnn(C)c3)cc1F)c1ccccc12,EC50,'=',3200
Cn1cc(-c2ccc(CN3C(=O)C4(CCN(C5CCCCC5)C4)c4ccccc43)c(F)c2)cn1,EC50,'=',5200
Cn1cc(-c2ccc(CN3C(=O)C4(CCN(C5CCCC5)C4)c4ccccc43)cc2)cn1,EC50,'=',1800
Cn1cc(-c2ccc(CN3C(=O)C4(CCN(C5CCCC5)C4)c4ccccc43)cc2)cn1,EC50,'=',1819.7
Cn1cc(-c2ccc(CN3C(=O)C4(CCN(C5CCCC5)C4)c4ccccc43)c(F)c2F)cn1,EC50,'>',10000
Cn1cc(-c2ccc(CN3C(=O)C4(CCN(C5CCCC5)C4)c4ccccc43)cc2F)cn1,EC50,'=',1995.26
O=C(NCC12CCN(CC1)CC2)c1ccccc1-c1cccc(Cl)c1,EC50,'>',10000
,,,
O=C(NC[C@@H]1CCCO1)c1cn(Cc2ccc(-n3cccn3)cc2)c2cccnc12,EC50,'=',175
Cn1ccc(-c2ccc(Cn3cc(C(=O)N[C@H]4CCOC[C@@H]4O)c4ncccc43)cc2)n1,EC50,'=',55
Cc1ccc2c(n1)c(C(=O)N[C@H]1CCOC[C@@H]1O)cn2Cc1ccc(-c2ccn(C)n2)cc1,EC50,'=',293
Cn1cc2c(-c3cc(F)c(Cn4cnc5ccccc5c4=O)c(F)c3)cccc2n1,EC50,'>',10000
CCOC(=O)N1[C@@H]2CC[C@H]1C[C@H](NCCNC(=O)c1ccccc1C(F)(F)F)C2,EC50,,
O=C(O)c1cn(Cc2ccc(-c3ccccc3)cc2)c2c(F)cccc2c1=O,EC50,'=',380
Cn1cc(-c2ccc(Cc3cc(C(=O)NCC4CCCO4)nn4cccc34)cc2)cn1,EC50,'=',343
O=C(NCC1CCCO1)c1cc(Cc2ccc(Br)cc2)c2cccn2n1,EC50,'=',181
,,,
Cn1cc(-c2ccc(CN3C(=O)C(O)(C(F)(F)F)c4ccccc43)c(F)c2)cn1,EC50,'=',3300
Cn1cc(-c2ccc(CN3C(=O)NCc4ccccc43)c(F)c2)cn1,EC50,'>',10000
Cn1cc(-c2ccc(Cn3cc(C(=O)N[C@H]4CCCC[C@@H]4O)c4c(F)cc(F)cc43)cn2)cn1,EC50,'=',210
CN1CCC2(CC1)C(=O)N(Cc1ccc(-c3cnn(C)c3)cc1F)c1ccccc12,EC50,'=',3800
Cn1cc(-c2ccc(CN3C(=O)C4(CCCO4)c4ccccc43)cc2)cn1,EC50,'>',10000
,,,
Fc1ccccc1C1=NCC(=S)Nc2ccccc21,EC50,'>',10000
CCC[C@]1(C)N=C(c2ccccc2)c2cc(Cl)ccc2NC1=S,EC50,'=',104
CCC[C@@]1(C)N=C(c2ccccc2)c2cc(Cl)ccc2NC1=S,EC50,'>',10000
CCC1CN(c2ccccc2)c2cc(Cl)ccc2NC1=S,EC50,'=',50
CC(C)C1C(=O)N(c2ccccc2)c2cc(Cl)ccc2NC1=S,EC50,'=',267
CC(C)[C@@H]1N=C(c2ccc(C(F)(F)F)cc2)c2cc(Cl)ccc2NC1=S,EC50,'>',10000
,,,
CCOC(=O)N1C[C@H]2CC[C@@H](C1)[C@H]2NCCNC(=O)c1cccc(Cl)c1,EC50,'=',96
CCOC(=O)N1[C@@H]2CC[C@H]1C[C@H](NCCNC(=O)c1cccc(Cl)c1)C2,EC50,'=',440
CCOC(=O)N1[C@@H]2CC[C@H]1C[C@H](NCCNC(=O)c1ccc(F)c(F)c1)C2,EC50,'=',810
CCOC(=O)N1[C@@H]2CC[C@H]1C[C@H](NCCNC(=O)c1cccs1)C2,EC50,'=',1000
CCOC(=O)N1[C@@H]2CC[C@H]1C[C@H](NCCNC(=O)c1ccccc1C)C2,EC50,'=',1100
Cc1nnc2sc(C(=O)N3CC(c4ccccc4)C3)c(N)c2c1C,EC50,'>',10000
CCOC(=O)N1C[C@@H]2C(NCCNC(=O)c3ccccc3C)[C@@H]2C1,EC50,'=',4100
CCOC(=O)N1C[C@H]2CC[C@@H](C1)[C@H]2NCCNC(=O)N1CCOCC1,EC50,'>',10000
,,,
,,,
CCOC(=O)N1C[C@H]2CC[C@@H](C1)[C@H]2NCCNC(=O)c1ccccc1,EC50,'=',92
CCOC(=O)N1C[C@H]2CC[C@@H](C1)[C@H]2NCCNC(=O)N1CCCCC1,EC50,'=',690
CCOC(=O)N1CCC(N2CCC[C@@H](NC(=O)c3ccccc3C)C2)CC1,EC50,'=',890
,,,
CCOC(=O)N1[C@@H]2CC[C@H]1C[C@H](NCCNC(=O)c1ccncc1)C2,EC50,'>',10000
Fc1ccc(C#CCSc2nsnc2C23CN4CC2C3C4)cc1,EC50,'=',4.5
,,,
O=c1[nH]nc2c3ccccc3n(Cc3ccc(-n4cccn4)cc3)cc1-2,EC50,'=',1.2
O=c1c2cn(Cc3ccccc3)c3ccccc3c-2nn1Cc1cccnc1,EC50,'=',6310
Cc1ccc(Cn2nc3c4ccccc4n(Cc4ccccc4)cc-3c2=O)cc1,EC50,,
O=c1c2cn(Cc3ccccc3)c3ccccc3c-2nn1Cc1ccc(F)cc1,EC50,,
Cn1nc2c3ccccc3n(Cc3ccccc3)cc-2c1=O,EC50,'>',10000
CCCC(=O)N1[C@@H]2CC[C@H]1C[C@H](NCCNC(=O)c1ccccc1)C2,EC50,,
CCOC(=O)N1[C@@H]2CC[C@H]1C[C@@H](NCCNC(=O)c1ccccc1)C2,EC50,'=',210
,,,
Cn1cc(-c2ccc(CN3C(=O)CCc4ccccc43)c(F)c2)cn1,EC50,'=',5600
CN(C)C1(C)C(=O)N(Cc2ccc(-c3cnn(C)c3)cc2)c2ccccc21,EC50,'>',10000
CCOC(=O)N1CC[C@H]2[C@@H](CCCN2CCNC(=O)c2ccccc2)C1,EC50,'=',3200
CCOC(=O)N1[C@@H]2CC[C@H]1C[C@H](NCCNS(=O)(=O)c1cccc(OC)c1)C2,EC50,,
COc1cccc(CC[N+](C)(C)C)c1.O=C[O-],EC50,'=',9100
CC1COCC(C[N+](C)(C)C)O1.[I-],EC50,'=',2.57E+13
Fc1cccc(C#CCSc2nsnc2C23CN4CC2C3C4)c1,EC50,'=',2.5
,,,
O=C(NCCN[C@@H]1C[C@H]2CC[C@@H](C1)N2C(=O)Oc1ccccc1)c1ccccc1,EC50,,
CCOC(=O)N1C[C@H]2CC[C@@H](C1)[C@H]2NCCNC(=O)c1ccccc1,EC50,'=',18
,,,
CCOC(=O)N1[C@@H]2CC[C@H]1C[C@H](NCCNC(=O)c1ccc(F)cc1)C2,EC50,'=',830
C[N+](C)(C)CCOC(N)=O.[Cl-],EC50,'=',13000
O=C(NCC1CCNCC1)c1ccc(F)cc1-c1cccc(Cl)c1,EC50,'>',10000
O=C1C(=O)N(Cc2ccc(Br)cc2)c2ccccc21,EC50,'=',6000
O=C(NCC1CCCN1)c1ccccc1-c1nc(Cl)cs1,EC50,'>',10000
O=C(NC1CCNCC1)c1ccccc1-c1nc(Cl)cs1,EC50,'>',10000
O=C(NC1CCCCNC1)c1ccccc1-c1nc(Cl)cs1,EC50,'>',10000
O=C(O)c1cccc(-c2ccccc2C(=O)NCC2CCNCC2)c1,EC50,'>',10000
COCc1cccc(-c2ccccc2C(=O)NCC2CCNCC2)c1,EC50,'>',10000
O=C1COc2ccccc2N1CCCN1CCC(n2c(=O)[nH]c3ccccc32)CC1,EC50,'=',73
C(#Cc1ccccc1)CSc1nsnc1C12CN3CC1C2C3,EC50,'=',61.9
Fc1ccc(C#CCOc2nsnc2C23CN4CC2C3C4)cc1,EC50,'=',71
,,,
O=C(O)c1cn(Cc2ccc(N=C=S)cc2)c2ccccc2c1=O,EC50,'=',389.05
Cn1cc(-c2ccc(CN3C(=O)C4(OCCO4)c4ccccc43)c(F)c2)cn1,EC50,'=',3200
,,,
,,,
,,,
CCOC(=O)N1[C@@H]2CC[C@H]1C[C@H](NCCNC(=O)C1CCCCC1)C2,EC50,'=',1500
,,,
C/C(=N\c1ccc2c(c1)[C@@H](NC(=O)c1ccc(Br)cc1)[C@H](O)C2)N(C)c1ccc(F)cc1,EC50,'=',118
Cn1cc(-c2ccc(Cc3cc(C(=O)NC4CCOCC4)nn4cccc34)cc2)cn1,EC50,'=',182
O=C(N[C@H]1CCCC[C@@H]1O)c1cc(Cc2ccc(-c3ccnc(Cl)c3)cc2)c2cccn2n1,EC50,'=',224
N#Cc1cncc(-c2ccc(Cc3cc(C(=O)N[C@H]4CCCC[C@@H]4O)nn4cccc34)cc2)c1,EC50,'=',146
Cc1cccc(-c2ccc(Cc3cc(C(=O)N[C@@H]4CCCC[C@H]4O)nn4cccc34)cc2)n1,EC50,'=',96
COc1ccc(-c2ccc(Cc3cc(C(=O)N[C@@H]4CCCC[C@H]4O)nn4cccc34)cc2)cn1,EC50,'=',108
Cc1cnc(C(=O)N[C@H]2CCOC[C@@H]2O)cc1Cc1ccc(-c2cscn2)cc1,EC50,'=',3900
CCCCOc1nsnc1OC1CNC1,EC50,'=',6202
CCOC(=O)N1[C@@H]2CC[C@H]1C[C@H](NCCNC(=O)NC1CC1)C2,EC50,,
CCOC(=O)N1[C@@H]2CC[C@H]1C[C@H](NCCNC(=O)c1ccccc1Cl)C2,EC50,'=',2300
CCOC(=O)N1[C@@H]2CC[C@H]1C[C@H](NCCNC(=O)c1cccc(OC)c1)C2,EC50,'=',3600
COc1nsnc1OCCOCCOCCOCCOc1nsnc1C1=CCCN(C)C1.Cl,EC50,'=',63.1
,,,
Fc1cc(F)cc(C#CCOc2nsnc2C23CN4CC2C3C4)c1,EC50,'=',20.2
Cn1cc2c(-c3cc(F)c(Cn4cnc5cnccc5c4=O)c(F)c3)cccc2n1,EC50,'=',5300
CCOc1nsnc1OC1CN2CCC1CC2,EC50,,
Clc1nsnc1OC1CN2CCC1CC2,EC50,,
CCCCCOc1nsnc1OC1CN2CCC1CC2,EC50,'=',164.8
CSCCc1nsnc1OC1CN2CCC1CC2,EC50,,
CCC#CCO/N=C1\CN2CCC1C2,EC50,'=',5900
C[N+](C)(C)CC#CCOC(=O)Nc1cccc(Cl)c1.[Cl-],EC50,'=',3500
CC(C)N1CCC2(C1)C(=O)N(Cc1ccc(-c3cnn(C)c3)cc1F)c1ccccc12,EC50,'>',10000
CCCCOc1nsnc1OC1CCNC1,EC50,'=',4867
CCCCOc1nccnc1OC1CN2CCC1CC2,EC50,,
CN1CCC=C(c2nsnc2SCCCCCCSc2nsnc2C2=CCCN(C)C2)C1,EC50,'=',590
CCCSc1nsnc1O[C@@H]1CC2CCN(C2)C1,EC50,,
Cn1cc(-c2ccc(CN3C(=O)C(N)c4ccccc43)c(F)c2)cn1,EC50,'=',1258.93
Cn1cc(-c2ccc(CN3C(=O)CSc4ccccc43)c(F)c2)cn1,EC50,'=',3235.94
C/C(=N\c1ccc2c(c1)[C@@H](NC(=O)c1ccc(Br)cc1)[C@H](O)C2)N(C)Cc1ccc(F)cc1,EC50,'=',154
Cn1cc(-c2ccc(Cn3cc(C(=O)N[C@H]4COCC[C@@H]4O)c4ncccc43)cn2)cn1,EC50,'=',34.8
Cn1ccc(-c2ccc(Cc3cc(C(=O)N[C@@H]4CCCC[C@H]4O)nc4c3ccn4C)cc2)n1,EC50,'=',180
O=C(NCCN[C@@H]1C[C@H]2CC[C@@H](C1)N2C(=O)OCc1ccccc1)c1ccccc1,EC50,'>',10000
CC(C)[C@@H]1N=C(c2cccc(Cl)c2)c2cc(Cl)ccc2NC1=S,EC50,'=',172
Cc1cnc(C(=O)N[C@H]2CCOC[C@@H]2O)cc1Cc1ccc(-c2cscn2)cc1,EC50,'>=',3900
O=C1COc2ccccc2N1CCCN1CCC(n2c(=O)[nH]c3ncccc32)CC1,EC50,,
O=C(Nc1ccc(OC(F)F)nc1)NC1CCN(c2ncnc3c2nc(-c2ccccc2Cl)n3-c2ccc(Cl)cc2)CC1,EC50,'>',10000
C/C(=N\c1ccc2c(c1)[C@@H](NC(=O)c1ccc(C)cc1)[C@H](O)C2)N(C)Cc1ccc(F)cc1,EC50,'=',49.5
CC(=O)OCC[N+](C)(C)C,EC50,'=',25.9
COc1nsnc1OC1CN2CCC1CC2,EC50,,
O=c1[nH]c2ccccc2n1C1CCN(C2CCOCC2)CC1,EC50,'=',63.1
CCSc1nsnc1OC1CN2CCC1CC2,EC50,,
CN1CCC=C(c2nsnc2OCCOCCOCCOCCOc2nsnc2C2=CCCN(C)C2)C1,EC50,'=',7.943
CCOC(=O)N1[C@@H]2CC[C@H]1C[C@H](NCCNC(=O)N1CCCC1)C2,EC50,'>',10000
O=c1[nH]c2ccccc2n1C1CCN(CCCOc2ccc(F)cc2)CC1,EC50,'=',398.11
c1nsnc1OC1CN2CCC1CC2,EC50,,
O=C1CCc2ccccc2N1CCCN1CCC(c2ccc3[nH]ccc3c2)CC1,EC50,'=',160
CC(=O)OCC[N+](C)(C)C,EC50,'=',27000
O=C(N[C@H]1CCCC[C@@H]1O)c1cn(Cc2ccc3ncccc3c2)c2cccnc12,EC50,'=',185
O=C(N[C@H]1CCCC[C@@H]1O)c1cn(Cc2ccc(-n3cc(-c4ccncc4)cn3)cc2)c2cccnc12,EC50,'=',273
O=C(N[C@H]1CCOC[C@@H]1O)c1cn(Cc2ccc(-n3cccn3)cc2)c2cccnc12,EC50,'=',63
Cn1ccc(NC(=O)c2cn(Cc3ccc(-n4cccn4)cc3)c3cccnc23)n1,EC50,'=',258
COc1ccc(Cn2cc(C(=O)O)c(=O)c3c(F)ccc(F)c32)cc1,EC50,'=',1.778
CCCCOc1nsnc1OC1CN2CCC1CC2,EC50,'=',102
COc1ccc(Cn2cc(C(=O)N[C@H]3CCCC[C@@H]3O)c3ncccc32)cc1,EC50,'=',1800
CN1CCC=C(c2nsnc2OCCCCCCCCCOc2nsnc2C2=CCCN(C)C2)C1,EC50,'=',720
Cc1nnc2sc(C(=O)NCc3ccc(S(F)(F)(F)(F)F)cc3)c(N)c2c1C,EC50,'>',30000
CCCCOc1nsnc1OCC[N+](C)(C)C,EC50,,
,,,
Cc1cnc(C(=O)N[C@H]2CCOC[C@@H]2O)cc1C(O)c1ccc(-c2cscn2)cc1,EC50,'>',1101
O=C(N[C@H]1CCOC[C@@H]1O)c1cn(Cc2ccc(-c3cc[nH]n3)cc2)c2cccnc12,EC50,'=',77
O=C1CCc2ccccc2N1CCCN1CCC(n2c(=O)[nH]c3ccccc32)CC1,EC50,'=',110
C[N+](C)(C)CCOC(N)=O.[Cl-],EC50,'=',130000
CC(=O)OC1CN2CCC1CC2,EC50,'=',4466
C#CCO/N=C1\CN2CCC1C2,EC50,'=',890
CN1CCC=C(c2nsnc2SCCCCCCCSc2nsnc2C2=CCCN(C)C2)C1,EC50,'=',180
C#CCOc1noc2c1CNCCC2,EC50,'=',140
CC(=O)OCC[N+](C)(C)C,EC50,'=',20000
O=C(N[C@H]1CCCC[C@@H]1O)c1cn(Cc2ccc(-n3cccn3)cc2)c2cccnc12,EC50,'=',101
Cc1cnc2c(C(=O)N[C@H]3CCOC[C@@H]3O)cn(Cc3ccc(-c4ccn(C)n4)cc3)c2c1,EC50,'=',211
CN1CCC2(C1)C(=O)N(Cc1ccc(-c3cnn(C)c3)cc1F)c1ccccc12,EC50,'=',3800
CCOC(=O)N1C[C@H]2CC[C@@H](C1)[C@H]2NCCNC(=O)c1cc(F)cc(F)c1,EC50,'=',200
Cn1cc2c(-c3cc(F)c(CN4CCc5ncccc5C4=O)c(F)c3)cccc2n1,EC50,'>',10000
Cn1cc2c(-c3cc(F)c(Cn4cnc5cnccc5c4=O)c(F)c3)cccc2n1,EC50,'>',10000
Cn1cc2c(-c3cc(F)c(Cn4cnc5cnccc5c4=O)c(F)c3)cccc2n1,EC50,'=',980
C[N+](C)(C)CCOC(N)=O.[Cl-],EC50,'=',5011.87
C[N+](C)(C)CCOC(N)=O.[Cl-],EC50,'=',15848.93
CCCSc1nsnc1O[C@@H]1CC2CCN(C2)C1,EC50,,
CC(=O)OCCCCCCCCCCCCOc1nsnc1C1=CCCN(C)C1.Cl,EC50,'=',2511.89
CN1CCC=C(c2nsnc2SCCCCCCCCSc2nsnc2C2=CCCN(C)C2)C1,EC50,'=',920
O=C(OCC1CCNCC1)c1ccccc1-c1cccc(Cl)c1,EC50,'>',10000
CCOC(=O)N1[C@@H]2CC[C@H]1C[C@H](CN1CC[C@H](N3C(=O)Cc4ccccc43)C1)C2,EC50,'=',12
CN1CCC=C(c2nsnc2OCCCCCCCCCCCCOc2nsnc2C2=CCCN(C)C2)C1,EC50,'=',340
Cc1ccccc1C(=O)N1CCC(N2CCC(n3c(=O)[nH]c4cc(Cl)ccc43)CC2)CC1,EC50,'=',2710
O=c1[nH]c2cc(F)ccc2n1C1CCN(C2CCN(S(=O)(=O)c3ccccc3)CC2)CC1,EC50,'=',2300
O=C(Nc1cccc(SC(F)(F)F)c1)N1CCC(N2CCC(n3c(=O)[nH]c4ccccc43)CC2)CC1,EC50,'=',6500
Cn1cc(-c2ccc(CN3C(=O)C(C)(N)c4ccccc43)c(F)c2)cn1,EC50,'>',10000
Cn1cc(-c2ccc(CN3C(=O)C(O)(C(F)(F)F)c4ccccc43)c(F)c2)cn1,EC50,'=',3311.31
,,,
Cn1cc(-c2ccc(CN3C(=O)C(O)(C(F)(F)F)c4ccccc43)c(Cl)c2)cn1,EC50,'>',10000
Cn1cc(-c2ccc(Cn3cc(C(=O)N[C@H]4CCOC[C@@]4(C)O)c4ncccc43)c(F)c2)cn1,EC50,'=',47.9
,,,
CC(C)(CN1C(=O)c2cccc3cccc(c23)C1=O)C[N+](C)(C)CCCCCC[N+](C)(C)CC#CCN1CCCC1=O.[Br-].[Br-],EC50,'=',36307.81
CN1CCC=C(c2nsnc2SCCCCCCCCCSc2nsnc2C2=CCCN(C)C2)C1,EC50,'=',120
O=C(c1cccc(Cl)c1)N1CCC(N2CCC(n3c(=O)[nH]c4ccccc43)CC2)CC1,EC50,'=',930
CCCCCCOc1nsnc1C1=CCCN(C)C1,EC50,'=',10
CCOC(=O)N1[C@@H]2CC[C@H]1C[C@@H](NCCNC(=O)c1ccccc1)C2,EC50,'=',110
O=C(NCC1CCNCC1)c1ncccc1-c1cccc(Cl)c1,EC50,'>',10000
CCOC(=O)N1[C@@H]2CC[C@H]1C[C@H](NCCNC(=O)c1ccccc1)C2,EC50,'=',970
CCOC(=O)N1[C@@H]2CC[C@H]1C[C@H](NCCNC(=O)c1ccccc1)C2,EC50,'=',1200
Cc1cn(-c2ccc(Cc3cc4c(cc3C)CN([C@H]3CCOC[C@@H]3O)C4=O)cc2)cn1,EC50,'=',45
C/C(=N\c1ccc2c(c1)[C@@H](NC(=O)c1ccc(Br)cc1)[C@H](O)C2)NCCc1ccc(F)cc1,EC50,'=',183
C/C(=N\c1ccc2c(c1)[C@@H](NC(=O)c1ccc(Br)cc1)[C@H](O)C2)N(C)CCc1ccc(F)cc1,EC50,'=',80.9
C/C(=N\c1ccc2c(c1)[C@@H](NC(=O)c1ccc(-c3ccccc3)cc1)[C@H](O)C2)N(C)Cc1ccc(F)cc1,EC50,'=',22.8
,,,
CCn1cc(-c2ccc(CN3C(=O)C(O)(C(F)(F)F)c4ccccc43)c(F)c2)cn1,EC50,'=',3300
C[C@H]1CNCC[C@]1(F)CNC(=O)c1c(F)cccc1-c1cccc(Cl)c1,EC50,'=',10
Cc1cccc(C(=O)NCC2CCNCC2)c1-c1cccc(Cl)c1,EC50,'>',10000
Cn1cc(-c2ccc(Cn3c(=O)ccc4ccccc43)c(F)c2)cn1,EC50,'>',10000
CN1CCC=C(C2=NOC(O)C2)C1,EC50,'=',17320
CN1CCC=C(c2ccon2)C1,EC50,'=',780
Fc1cc(F)cc(C#CCSc2nsnc2C23CN4CC2C3C4)c1,EC50,'=',7.6
O=C(NCc1ccncc1)c1ccccc1-c1nc(Cl)cs1,EC50,'>',10000
Cc1cccc(-c2ccccc2C(=O)NCC2CCNCC2)c1,EC50,'>',10000
COc1ccc(-c2ccccc2C(=O)NCC2CCNCC2)cc1,EC50,'>',10000
O=C(NCC1CCNCC1)c1ccccc1-c1cccc(-c2ccccc2)c1,EC50,'>',10000
O=C(NCc1ccncc1)c1ccccc1-c1cccnc1,EC50,'>',10000
O=C(NCC1CCNCC1)c1ccccc1-c1cccc(Cl)c1Cl,EC50,'>',10000
CN(C)C(=O)CNC(=O)c1cn(Cc2ccc(-n3cccn3)cc2)c2cccnc12,EC50,'=',112
O=C(NCC1(O)CCC1)c1cn(Cc2ccc(-n3cccn3)cc2)c2cccnc12,EC50,'=',500
Cc1cc2c(cc1F)[nH]c(=O)n2C1CCN(C2CCOCC2)CC1,EC50,'=',5.012
CCOC(=O)N1C[C@H]2CC[C@@H](C1)[C@H]2NCCNC(=O)c1cccc(OC)c1,EC50,'=',240
,,,
,,,
CCOC(=O)N1[C@@H]2CC[C@H]1C[C@H](NCCNC(=O)N1[C@H](C)CCC[C@@H]1C)C2,EC50,'=',2500
S=C1Nc2ccc(Cl)cc2C(c2ccccc2)=NC1n1ccnc1,EC50,'>',10000
C/C(=N\c1ccc2c(c1)[C@@H](NC(=O)c1ccc(Br)cc1)[C@H](O)C2)NCc1ccccc1F,EC50,'=',87
Cc1ccccc1CN1CCC(N2CCC(n3c(=O)[nH]c4ccc(F)cc43)CC2)CC1,EC50,'=',0.76
CC(C)(O)CNC(=O)C1CN(Cc2ccc(-n3cccn3)cc2)c2ccccc2O1,EC50,'=',6400
O=C(NCC(O)C(F)(F)F)C1CN(Cc2ccc(-n3cccn3)cc2)c2ccccc2O1,EC50,'=',2200
Cn1nccc1-c1ccc(CN2CC(C(=O)N[C@H]3CCCC[C@@H]3O)Oc3ccccc32)cn1,EC50,'=',1258.93
O=C(CC1CCNCC1)Nc1ccccc1-c1cccc(Cl)c1,EC50,'=',7943.28
O=c1[nH]c2ccc(F)cc2n1C1CCN(C2CCN(Cc3ccccc3C(F)(F)F)CC2)CC1,EC50,'>',10
O=c1[nH]c2cc(F)ccc2n1C1CCN(C2CCN(Cc3ccccc3C(F)(F)F)CC2)CC1,EC50,'=',1.04
O=c1[nH]c2cc(Cl)ccc2n1C1CCN(C2CCN(Cc3ccccc3)CC2)CC1,EC50,'=',356
CC(=O)OCC[N+](C)(C)C,EC50,'=',616.6
O=C1CCc2ncccc2N1CCCN1CCC(n2c(=O)[nH]c3ccccc32)CC1,EC50,'=',12
C#CCC#CCO/N=C1\CN2CCC1C2,EC50,'=',4700
Cn1c(CO)c(Cc2ccc(-n3cccn3)cc2)cc(C(=O)N[C@H]2CCC(O)C[C@@H]2O)c1=O,EC50,'=',177
CCCO/N=C1\CN2CCC1C2,EC50,'=',27000
C(#Cc1ccccc1)CO/N=C1\CN2CCC1C2,EC50,'=',3300
Cc1c(Cc2ccc(-n3cccn3)cc2)cc(C(=O)N[C@H]2CCC(O)C[C@@H]2O)c(=O)n1C,EC50,'=',63
CC(=O)OCC[N+](C)(C)C,EC50,'=',27000
,,,
CCO[C@H]1CC[C@](C)(N2CCC(n3c(=O)oc4ccc(C#N)cc43)CC2)CC1,EC50,'=',3.162
CCOc1noc2c1CNCCC2,EC50,'=',95
Fc1ccccc1C1=NCC(=S)Nc2ccc(Cl)cc21,EC50,'=',317
Fc1ccccc1C1=N[C@@H](C2CC2)C(=S)Nc2ccc(Cl)cc21,EC50,'=',165
NC1CCCCC1NC(=O)C1CN(Cc2ccc(-n3cccn3)cc2)c2ccccc2O1,EC50,'=',2238.72
O=C(Nc1ncccc1F)C1CN(Cc2ccc(-n3cccn3)cc2)c2ccccc2O1,EC50,'=',2300
Cc1cccc(C(=O)N2CCC(N3CCC(n4c(=O)[nH]c5cc(Cl)ccc54)CC3)CC2)c1,EC50,'=',2110
O=c1[nH]c2c(F)cccc2n1C1CCN(C2CCN(S(=O)(=O)c3ccccc3)CC2)CC1,EC50,'=',2600
O=c1[nH]c2cc(Cl)ccc2n1C1CCN(C2CCN(S(=O)(=O)c3ccccc3)CC2)CC1,EC50,'=',4100
O=C(Nc1cccc(SC(F)(F)F)c1)N1CCC(N2CCC(n3c(=O)[nH]c4ccc(F)cc43)CC2)CC1,EC50,'=',9600
Cc1nn(C)cc1-c1ccc(CN2C(=O)C3(CCN(C4CCCC4)C3)c3ccccc32)c(F)c1,EC50,'=',3000
Cn1cc(-c2ccc(CN3CC4(OCCO4)c4ccccc43)c(F)c2)cn1,EC50,'>',10000
Cn1cc(-c2cc(F)c(CN3C(=O)C4(CCN(C5CCCC5)C4)c4ccccc43)c(F)c2)cn1,EC50,'=',2600
,,,
,,,
C[N+](C)(CC#CCOC1=NOCC1)CCCCCCNC(=O)c1cn(Cc2ccccc2)c2ccc(F)cc2c1=O.[Br-],EC50,'=',58.88
CCCCCCCCN1CCC(n2c(=O)[nH]c3ccccc32)CC1,EC50,'=',537.03
O=C1CCc2cccnc2N1CCCN1CCC(n2c(=O)[nH]c3ccccc32)CC1,EC50,'=',20
,,,
CN1C(=S)CN=C(c2ccccc2)c2cc(Cl)ccc21,EC50,'>',10000
C[C@@H]1N=C(c2ccccc2)c2cc(Cl)ccc2NC1=S,EC50,'=',103
Cc1ccc2c(c1)C(c1ccccc1)=NC(C(C)C)C(=S)N2,EC50,'=',62
CC(C)[C@@H]1N=C(c2ccccc2)c2cc(OC(F)(F)F)ccc2NC1=S,EC50,'=',232
CCC1N=C(c2ccccc2)c2cc(N)ccc2NC1=S,EC50,'>',10000
,,,
CC(C)[C@@H]1N=C(C2CCCCC2)c2cc(Cl)ccc2NC1=S,EC50,'=',414
NC(=O)c1cncc(-c2ccc(Cc3cc(C(=O)N[C@H]4CCCC[C@@H]4O)nn4cccc34)cc2)c1,EC50,'=',36
Cc1c(Cc2ccc(-c3cocn3)cc2)cc(C(=O)N[C@H]2CCCC[C@@H]2O)c(=O)n1C,EC50,'=',38
Cc1c(Cc2ccc(-n3cccn3)cc2)cc(C(=O)N[C@H]2CCOC[C@@H]2O)c(=O)n1C,EC50,'=',20
Cc1c(Cc2ccc(-n3cccn3)cc2)cc(C(=O)N[C@H]2CCCC[C@@H]2O)c(=O)n1C,EC50,'=',29
O=C(N[C@H]1CCC(O)C[C@@H]1O)c1cn(Cc2ccc(-n3cccn3)cc2)c2cccnc12,EC50,'=',16
O=C(N[C@H]1CCCC[C@@H]1O)C1CN(Cc2ccc(-n3cccc3)cc2)c2ccccc2O1,EC50,'=',2100
CC(C)(O)CNC(=O)C1CN(Cc2ccc(-n3cccn3)cc2)c2ccccc2O1,EC50,'=',5888.44
CC(O)(CNC(=O)C1CN(Cc2ccc(-n3cccn3)cc2)c2ccccc2O1)C1CC1,EC50,'=',1905.46
COc1cccnc1NC(=O)C1CN(Cc2ccc(-n3cccn3)cc2)c2ccccc2O1,EC50,'=',1621.81
O=C(N[C@H]1CCCCC1=O)C1CN(Cc2ccc(-n3cccn3)cc2)c2ccccc2O1,EC50,'=',2700
O=C(N[C@H]1CCCC[C@@H]1O)C1CN(Cc2ccc(Cl)nc2)c2ccccc2O1,EC50,'=',7079.46
O=C(N[C@H]1CCCC[C@@H]1O)C1CN(Cc2ccc(Br)nc2)c2ccccc2O1,EC50,'=',1071.52
Cn1cc(-c2ccc(CN3CC(C(=O)N[C@H]4CCCC[C@@H]4O)Oc4ccccc43)cn2)cn1,EC50,'=',177.83
CO/N=C/C1=CCCN(C)C1,EC50,'=',21
N#Cc1ccc(Cn2cc(C(=O)N[C@H]3CCCC[C@@H]3O)c3ncccc32)cc1,EC50,'=',478
O=C(N[C@H]1CCCC[C@@H]1O)c1nn(Cc2ccc(-n3cccn3)cc2)c2cccnc12,EC50,'=',215
CSc1nsnc1OC1CN2CCC1CC2,EC50,,
Cn1ccc(-c2ccc(Cc3cc(C(=O)NC4CCOCC4)nc4c3ccn4C)cc2)n1,EC50,'=',660.69
Cn1ccc(-c2ccc(Cc3cc(C(=O)NC4CCOCC4)nc4c3ccn4C)cc2)n1,EC50,'=',660
Cc1c(Cc2ccc(-c3cscn3)cc2)cc(C(=O)N[C@H]2CCCC[C@@H]2O)c(=O)n1C,EC50,'=',166
Cc1c(Cc2ccc(-n3cccn3)cc2)cc(C(=O)N[C@H]2CCCC[C@@H]2O)c(=O)n1C,EC50,'=',29
CCCCCCOc1nsnc1C1=CCCN(C)C1,EC50,'=',15.85
,,,
,,,
COc1nsnc1OCCCCCCCCCCCCOc1nsnc1C1=CCCN(C)C1,EC50,'=',398.11
O=C(NCC1CCNCC1)c1ccccc1-c1cc(Cl)ccc1Cl,EC50,'=',39.81
O=C(NCC1CCNC1)c1ccccc1-c1nc(Cl)cs1,EC50,'>',10000
O=C(NCc1ccncc1)c1ccccc1-c1cccc2ccccc12,EC50,'>',10000
CCCCC1CCN(CCCC(=O)c2ccccc2C)CC1.Cl,EC50,'=',210
CCCCC1CCN(CCCC(=O)c2ccccc2C)CC1.Cl,EC50,'=',740
Cn1cc(-c2cc(F)c(CN3C(=O)C4(CCN(C5CCCC5)C4)c4ccccc43)cc2F)cn1,EC50,'=',4073.8
Cn1cc(-c2ccc(CN3C(=O)C4(CCN(c5ncccn5)C4)c4ccccc43)c(F)c2)cn1,EC50,'=',2454.71
CC(=O)N1CCC2(C1)C(=O)N(Cc1ccc(-c3cnn(C)c3)cc1F)c1ccccc12,EC50,'>',10000
CNCCN1CCCc2cc(NC(=N)c3cccs3)ccc21,EC50,'>',40000
Fc1ccccc1C1=CCC(=S)Nc2ccc(Cl)cc21,EC50,'=',317
CC(C)[C@@H]1N=C(c2ccccc2)c2cc(Cl)ccc2NC1=O,EC50,'=',777
,,,
O=C(N[C@H]1CCCC[C@@H]1O)C1CN(Cc2ccc(-n3ccnc3)nc2)c2ccccc2O1,EC50,'=',290
Cc1cccc(Cn2cc3c(=O)n(Cc4ccc(C)cc4C)nc-3c3ccccc32)c1,EC50,,
,,,
,,,
,,,
O=C1COc2ccccc2N1CCCN1CCC(n2c(=O)[nH]c3cc(F)ccc32)CC1,EC50,'=',66
,,,
,,,
C(#Cc1ccccc1)COc1nsnc1[C@H]1CN2CCC[C@@H]1C2,EC50,,
CCOC(=O)N1C[C@H]2CC[C@@H](C1)[C@H]2NCCNC(=O)c1cccc(Cl)c1,EC50,'=',47
CCOC(=O)N1C[C@H]2CC[C@@H](C1)[C@H]2NCCNC(=O)C1CCCC1,EC50,'=',3600
COc1ccccc1-c1ccccc1C(=O)NCC1CCNCC1,EC50,'>',10000
Cc1ccc(-c2ccccc2C(=O)NCC2CCNCC2)cc1Cl,EC50,'=',12.59
O=C(NCC12CCN(CC1)C2)c1ccccc1-c1cccc(Cl)c1,EC50,'>',10000
C(#Cc1ccccc1)CSc1nsnc1[C@@H]1CN2CC[C@H]1C2,EC50,'>',100
CO[C@H]1CC[C@](C)(N2CCC(N3C(=O)Cc4ccc(C)cc43)CC2)CC1,EC50,'=',3.162
O=C(Cc1ccccc1)NC1CCN(CCCN2C(=O)COc3ccccc32)CC1,EC50,'=',61
COc1cccc(CC(=O)NC2CCN(CCCN3C(=O)COc4ccccc43)CC2)c1,EC50,'=',130
CCC(=O)NC1CCN(CCCN2C(=O)CCc3c(F)cccc32)CC1,EC50,'=',19
CC(=O)N(C(=O)CC1CCNCC1)c1ccccc1-c1ccc(Cl)cc1,EC50,'>',10000
O=C(NCC1(F)CCNCC1)c1c(F)cccc1-c1cccc(Cl)c1,EC50,'=',63.1
Cc1cc2c(cc1Cc1ccc(-c3cocn3)cc1)C(=O)N([C@H]1CCOC[C@@H]1O)C2,EC50,'=',47
CC[N+](CC)(CC)CCOc1cccc(OCC[N+](CC)(CC)CC)c1OCC[N+](CC)(CC)CC,EC50,'=',170000
Cn1cc(-c2ccc(CN3C(=O)CCc4ccccc43)c(F)c2)cn1,EC50,'=',5623.41
Cn1cc(-c2ccc(CN3C(=O)C[S+]([O-])c4ccccc43)c(F)c2)cn1,EC50,'>',10000
Cn1cc(-c2ccc(CN3C(=O)C(O)(CF)c4ccccc43)c(F)c2)cn1,EC50,'>',10000
,,,
Cc1cc2c(cc1F)[nH]c(=O)n2C1CCN(C2CCOCC2)CC1,EC50,'=',8
CC(C)C(=O)N1[C@@H]2CC[C@H]1C[C@H](NCCNC(=O)c1ccccc1)C2,EC50,'=',5400
,,,
CCCCCCOc1nsnc1C1=CCCN(C)C1,EC50,'=',158.49
CN(Cc1ccccc1-c1cccc(Cl)c1)C(=O)C1CCNCC1,EC50,'>',10000
CC1CNCCC1CNC(=O)c1ccccc1-c1cccc(Cl)c1,EC50,'=',19.95
CN1CCC=C(c2nsnc2SCCCCCCCCCCCSc2nsnc2C2=CCCN(C)C2)C1,EC50,'=',1500
C(#Cc1ccccc1)COc1nsnc1C1CN2CCC1CC2,EC50,'=',15.7
C(#Cc1ccccc1)COc1nsnc1[C@H]1CN2CC[C@@H]1C2,EC50,'=',159
,,,
Clc1cc(Cl)cc(C#CCOc2nsnc2C23CC4CC2C3C4)c1,EC50,'=',1200
Clc1cccc(C#CCOc2nsnc2C23CN4CC2C3C4)c1,EC50,'=',10.5
Cc1ccccc1C(=O)N1CCC(N2CCC(n3c(=O)[nH]c4ccccc43)CC2)CC1,EC50,'=',880
C[N+](C)(C)CCOC(N)=O.[Cl-],EC50,'=',4600
Fc1cc(Cl)cc(C#CCSc2nsnc2C23CN4CC2C3C4)c1,EC50,'=',46
CN1CCC=C(c2nsnc2OCCOCCOCCOCCOc2nsnc2C2=CCCN(C)C2)C1,EC50,'=',8.5
Cc1ccc(Cn2nc3c4ccccc4n(Cc4cccc(F)c4)cc-3c2=O)c(C)c1,EC50,'=',1420
Cc1ccc(Cn2nc3c4ccccc4n(Cc4ccncc4)cc-3c2=O)c(C)c1,EC50,'=',1550
O=c1[nH]c2cc(Br)ccc2n1C1CCN(C2CCN(S(=O)(=O)c3ccccc3)CC2)CC1,EC50,'=',4400
O=C(Nc1cccc(SC(F)(F)F)c1)N1CCC(N2CCC(n3c(=O)[nH]c4c(F)cccc43)CC2)CC1,EC50,'>',10000
CC[C@@H]1C(=O)OC[C@@H]1Cc1cncn1C,EC50,'=',17.5
,,,
Cn1cc(-c2ccc(CN3C(=O)C4(CCN(C5CCC5)C4)c4ccccc43)c(F)c2)cn1,EC50,'>',10000
O=C(Cc1ccccc1)NC1CCN(CCCN2C(=O)CCc3c(F)cccc32)CC1,EC50,'=',150
COc1ccc2c(c1)N(CCCN1CCC(NC(=O)Cc3ccccc3)CC1)C(=O)CC2,EC50,'=',120
CN(C(=O)Cc1ccccc1)C1CCN(CCCN2C(=O)COc3ccccc32)CC1,EC50,'=',910
C[N+](C)(C)CCOC(N)=O.[Cl-],EC50,'=',15848.93
,,,
Cn1cc2c(-c3cc(F)c(CN4Cc5sccc5C4=O)c(F)c3)cccc2n1,EC50,'=',1920
Cn1cc2cc(-c3cc(F)c(CN4Cc5ccsc5C4=O)c(F)c3)ccc2n1,EC50,'=',246
Cn1cc2cccc(-c3cc(F)c(CN4Cc5cnn(CC6CCCO6)c5C4=O)c(F)c3)c2n1,EC50,'=',6890
Cn1cc(-c2ccc(CN3C(=O)C4(CCN(c5ncccn5)C4)c4ccccc43)c(F)c2)cn1,EC50,'=',2500
CCN1CCC2(C1)C(=O)N(Cc1ccc(-c3cnn(C)c3)cc1F)c1ccccc12,EC50,'=',3235.94
,,,
Cn1cc(-c2ccc(CN3C(=O)C4(CCN(C5CCCCCC5)C4)c4ccccc43)c(F)c2)cn1,EC50,'=',7413.1
Cn1cc(-c2ccc(CN3C(=O)CS(=O)(=O)c4ccccc43)c(F)c2)cn1,EC50,'>',10000
CCCCSc1nsnc1OC1CN2CCC1CC2,EC50,'=',22.3
O=c1[nH]c2ccccc2n1C1CCN(CCCOc2ccc(F)cc2)CC1,EC50,'=',400
O=C1CCCN1CC#CCN1CCCC1,EC50,'=',390
CCCCOc1nonc1OC1CN2CCC1CC2,EC50,,
CCCSc1nsnc1OC1CN2CCC1CC2,EC50,'=',430.9
O=C(NCC1CCCNC1)c1ccccc1-c1nc(Cl)cs1,EC50,'>',10000
CN1CCC(CNC(=O)c2ccccc2-c2cccc(Cl)c2)CC1,EC50,'>',10000
CC(NC(=O)c1ccccc1-c1cccc(Cl)c1)C1CCNCC1,EC50,'>',10000
CC1(C)CNCCC1CNC(=O)c1cc(Cl)ccc1-c1cccc(Cl)c1,EC50,'>',10000
O=C(NCC1CCNCC1)c1ccccc1-c1nc(Cl)cs1,EC50,'=',251.19
NC(=O)c1cccc(-c2ccccc2C(=O)NCC2CCNCC2)c1,EC50,'>',10000
O=C(NCC1CCNCC1)c1ccccc1-c1ccc(F)c(Cl)c1,EC50,'=',25.12
,,,
CC(=O)NC1CCN(CCCN2C(=O)CCc3cc(F)c(F)cc32)CC1,EC50,'=',86
COc1cccc(C#CCO/N=C2\CN3CCC2C3)c1,EC50,'=',7121
CCOCCOCCOCCOCCOc1nsnc1C1=CCCN(C)C1.Cl,EC50,'=',6309.57
CN1CCC=C(c2nsnc2SCCCCCCCCCCSc2nsnc2C2=CCCN(C)C2)C1,EC50,'=',2100
N#Cc1ccccc1CN1CCC(N2CCC(n3c(=O)[nH]c4cc(Cl)ccc43)CC2)CC1,EC50,'=',1600
O=c1[nH]c2cc(Cl)ccc2n1C1CCN(C2CCN(Cc3ccccc3[N+](=O)[O-])CC2)CC1,EC50,'=',1100
O=c1[nH]c2ccccc2n1C1CCN(C2CCN(Cc3ccccc3Cl)CC2)CC1,EC50,'=',260
CCOC(=O)N1CCC(N2CCC(n3c(=O)[nH]c4ccccc43)CC2)CC1,EC50,'=',2.1
,,,
CCOC(=O)N1[C@@H]2CC[C@H]1C[C@H](NCCNC(=O)N1CCCCC1)C2,EC50,'=',570
,,,
CS(=O)(=O)c1cccc(-c2ccccc2C(=O)NCC2CCNCC2)c1,EC50,'>',10000
O=C(NCc1ccncc1)c1ccccc1-c1ccncc1,EC50,'>',10000
O=C(NCc1ccncc1)c1ccccc1-c1ccc2ccccc2c1,EC50,'>',10000
O=C(NCC1CCNCC1)c1ccccc1-c1ccc(Cl)s1,EC50,'>',10000
O=C(NCC1CCNCC1)c1ccccc1-c1cc(Cl)cc(Cl)c1,EC50,'>',10000
O=C(NCC1CCNCC1)c1ccccc1-c1cc(Cl)ccc1F,EC50,'=',10
CC1CC(CNC(=O)c2ccccc2-c2cccc(Cl)c2)CCN1,EC50,'>',10000
CC1(CNC(=O)c2ccccc2-c2cccc(Cl)c2)CCNCC1,EC50,'>',10000
O=C(NCC1CCNCC1)c1cccc(F)c1-c1cccc(Cl)c1,EC50,'=',5011.87
CC(C)C(=O)NC1CCN(CCCN2C(=O)COc3ccccc32)CC1,EC50,'=',46
CC(C)CC(=O)NC1CCN(CCCN2C(=O)COc3ccccc32)CC1,EC50,,
O=C1CCc2cccc(F)c2N1CCCN1CCC(n2c(=O)[nH]c3ccccc32)CC1,EC50,'=',300
,,,
O=C1CCc2cnccc2N1CCCN1CCC(n2c(=O)[nH]c3ccccc32)CC1,EC50,,
O=C1CCc2cc(F)ccc2N1CCCN1CCC(n2c(=O)[nH]c3ccccc32)CC1,EC50,,
Cn1cc(-c2ccc(CN3C(=O)C4(CCN(C(=O)C5CCC5)C4)c4ccccc43)c(F)c2)cn1,EC50,'=',6300
C[C@@H]1O[C@H](C[N+](C)(C)C)C[C@H]1O.[Cl-],EC50,'=',5300
CN(C)C(=O)c1cccc(-c2ccccc2C(=O)NCC2CCNCC2)c1,EC50,'>',10000
NS(=O)(=O)c1cccc(-c2ccccc2C(=O)NCC2CCNCC2)c1,EC50,'>',10000
O=C(NCC1CCNCC1)c1ccccc1-c1cccc(Cl)c1F,EC50,'=',1000
O=C(Cc1ccccc1)NC1CCN(CCCN2C(=O)CCc3cc(F)c(F)cc32)CC1,EC50,'=',15
,,,
CN1CCC=C(c2nsnc2OCCCCCCCCCCCCO)C1.Cl,EC50,'=',3162.28
CN(CC1CCNCC1)S(=O)(=O)c1ccccc1-c1cccc(Cl)c1,EC50,'>',10000
C[C@H]1CNCC[C@H]1CNC(=O)c1c(F)cccc1-c1cccc(Cl)c1,EC50,'=',19.95
Clc1cc(Cl)cc(C#CCSc2nsnc2C23CN4CC2C3C4)c1,EC50,'=',1810
CC[C@@H]1C(=O)OC[C@@H]1Cc1cncn1C,EC50,'=',8792
O=C(O)c1cn(Cc2ccc(-c3ccccc3)cc2)c2c(F)ccc(F)c2c1=O,EC50,'=',270
Cn1cc(-c2ccc(Cn3cc(C(=O)O)c(=O)c4c(F)cccc43)c(F)c2)cn1,EC50,'=',41
C(#Cc1ccccc1)COc1nsnc1[C@@H]1CN2CC[C@H]1C2,EC50,'=',67.3
O=C1COc2ccccc2N1CCCN1CCC(n2c(=O)[nH]c3ccc(F)cc32)CC1,EC50,'=',44
,,,
Cn1cc(-c2ccc(CN3C(=O)C4(CCN(C(=O)C5CCCCC5)C4)c4ccccc43)c(F)c2)cn1,EC50,'=',5011.87
Cn1cc(-c2ccc(CN3C(=O)C4(CCN(C(=O)C5CCC5)C4)c4ccccc43)c(F)c2)cn1,EC50,'=',6309.57
,,,
,,,
O=C(NCC1CNCCO1)c1ccccc1-c1nc(Cl)cs1,EC50,'>',10000
O=C(NCC1CCNCC1)c1ccccc1-c1cccc(F)c1,EC50,'>',10000
O=C(NCC1CCNCC1)c1ccccc1-c1ccc(F)cc1,EC50,'>',10000
CC(=O)c1cccc(-c2ccccc2C(=O)NCC2CCNCC2)c1,EC50,'>',10000
O=C(NCc1ccncc1)c1ccccc1-c1cccs1,EC50,'>',10000
O=C(NCC1CCNCC1)c1ccccc1-c1nc(Cl)cs1,EC50,'=',251.19
O=C(NCC1CCNCC1)c1cc(F)ccc1-c1cccc(Cl)c1,EC50,'=',50.12
O=C(NCC1CCNCC1)c1c(F)cccc1-c1cccc(Cl)c1,EC50,'=',15.85
O=C(NCC1CCNCC1)c1ccc(Cl)cc1-c1cccc(Cl)c1,EC50,'=',100
Cc1ccc(C(=O)NCC2CCNCC2)c(-c2cccc(Cl)c2)c1,EC50,'=',158.49
O=C(NCC1CCNCC1)c1cnccc1-c1cccc(Cl)c1,EC50,'>',10000
Cn1cc(-c2cccc(Cl)c2)c(C(=O)NCC2CCNCC2)n1,EC50,'>',10000
OC(CCC1CCNCC1)c1ccccc1-c1cccc(Cl)c1,EC50,'=',1
CN(C(=O)Cc1ccccc1-c1cccc(Cl)c1)C1CCNCC1,EC50,'=',50.12
O=S(=O)(CCC1CCNCC1)c1ccccc1-c1cccc(Cl)c1,EC50,'=',63.1
O=C(NCC1CCNCC1)c1c(F)cccc1-c1cc(Cl)ccc1Cl,EC50,'=',31.62
CC1CNCC=C1CNC(=O)c1c(-c2cccc(Cl)c2)ccc(Cl)c1F,EC50,'=',158.49
CCOC(=O)N1C[C@H]2CC[C@@H](C1)[C@H]2NCCNC(=O)C1CCCCC1,EC50,'=',1000
CCCCCCOc1nsnc1C1=CCCN(C)C1,EC50,'=',13.18
CN1CCC=C(c2nsnc2OCCCCCCCC2CCN(CCCN3C(=O)CCc4ccccc43)CC2)C1,EC50,'=',173.78
,,,
Cn1cc(-c2ccc(CN3C(=O)C4(CCN(C5CCCCC5)C4)c4ccccc43)c(F)c2)cn1,EC50,'=',5128.61
CCCSc1nsnc1OC12CCCN(CC1)C2,EC50,,
CN(CC1CCNCC1)C(=O)c1ccccc1-c1cccc(Cl)c1,EC50,'>',10000
O=C(NCc1ccncc1)c1ccccc1-c1ccsc1,EC50,'>',10000
,,,
Cc1nnc2sc(C(=O)NCc3ccc(-c4cccnc4F)cc3)c(N)c2c1C,EC50,'>',30000
Clc1cccc(-c2ccccc2COCC2CCNCC2)c1,EC50,'>',10000
O=C(NCC12CCN(CC1)CC2)c1ccccc1-c1nc(Cl)cs1,EC50,'=',251.19
O=C(NC1CCNC1)c1ccccc1-c1nc(Cl)cs1,EC50,'>',10000
O=C(NCC1CCNCC1)c1ccccc1-c1ccccc1Cl,EC50,'>',10000
O=C(NCc1ccncc1)c1ccccc1-c1nccs1,EC50,'>',10000
CN1CCC=C(c2nsnc2OCCCCCCCC2CCN(CCCN3C(=O)CCc4ccccc43)CC2)C1,EC50,'=',41.69
O=C(NCC1CCNCC1)c1cc(Cl)ccc1-c1cccc(Cl)c1,EC50,'=',100
O=C(CBr)Nc1ccc(Cn2cc(C(=O)O)c(=O)c3ccccc32)cc1,EC50,'=',1584.89
,,,
CCCSc1nsnc1OC1CN2CCC1C2,EC50,'=',1.9
O=C(c1ccccc1C(F)(F)F)N1CCC(N2CCC(n3c(=O)[nH]c4ccccc43)CC2)CC1,EC50,'=',910
O=C(Nc1cccc(SC(F)(F)F)c1)N1CCC(N2CCC(n3c(=O)[nH]c4cc(Cl)ccc43)CC2)CC1,EC50,'=',3600
Cn1cc(-c2ccc(CN3C(=O)C4(CCN(CCF)C4)c4ccccc43)c(F)c2)cn1,EC50,'=',4100
CN1CCC2(CC1)C(=O)N(Cc1ccc(-c3cnn(C)c3)cc1F)c1ccccc12,EC50,'=',3801.89
,,,
Cn1cc(-c2ccc(CN3C(=O)COc4ccccc43)c(F)c2)cn1,EC50,'=',5128.61
Cn1cc(-c2ccc(CN3c4ccccc4CS3(=O)=O)c(F)c2)cn1,EC50,'>',10000
CN1CCC=C(c2nsnc2SCCCSc2nsnc2C2=CCCN(C)C2)C1,EC50,'=',350
CN1CCC=C(c2nsnc2SCCCCCSc2nsnc2C2=CCCN(C)C2)C1,EC50,'=',79
Cn1cc(-c2ccc(Cn3cc(C(=O)N[C@@H]4CCCC[C@H]4O)c4c(F)cc(F)cc43)cn2)cn1,EC50,'=',4800
O=c1[nH]c2c(F)cccc2n1C1CCN(C2CCN(Cc3ccccc3C(F)(F)F)CC2)CC1,EC50,'=',1.71
CN(C)C(=O)N1[C@@H]2CC[C@H]1C[C@H](NCCNC(=O)c1ccccc1)C2,EC50,,
O=C(N[C@H]1CCCC[C@@H]1O)c1cn(Cc2ccc(-n3cccn3)cc2)c2cccnc12,EC50,'=',106
Cc1cc(Cl)cc(-c2ccccc2C(=O)NCC2CCNCC2)c1,EC50,'=',1584.89
Cc1ccc(Cl)cc1-c1ccccc1C(=O)NCC1CCNCC1,EC50,'=',158.49
Cn1ccc(-c2ccc(Cc3cc(C(=O)N[C@@H]4CCOC[C@H]4O)nc4c3ccn4C)cc2)n1,EC50,'=',60
CCOC(=O)N1C[C@H]2CC[C@@H](C1)[C@H]2NCCNC(=O)c1ccccc1C,EC50,'=',170
Cn1cc(-c2ccc(CN3C(=O)C4(CCN(CC(F)F)C4)c4ccccc43)c(F)c2)cn1,EC50,'>',10000
CN1CCC2(C1)C(=O)N(Cc1ccc(-c3cnn(C)c3)cc1F)c1ccccc12,EC50,'=',3235.94
CN1CCC2(C1)C(=O)N(Cc1ccc(-c3cnn(C)c3)cc1F)c1ccccc12,EC50,'=',2900
CN1CCC2(C1)C(=O)N(Cc1ccc(-c3cnn(C)c3)cc1F)c1ccccc12,EC50,'=',3200
O=S(=O)(NCC1CCNCC1)c1ccccc1-c1cccc(Cl)c1,EC50,'>',10000
O=C(NCC1=C(F)CNCC1)c1c(-c2cccc(Cl)c2)ccc(Cl)c1F,EC50,'=',158.49
CN(C(=O)CC1CCNCC1)c1ccccc1-c1cccc(Cl)c1,EC50,'>',10000
,,,
O=C(Cc1ccccc1)NC1CCN(CCCN2C(=O)CCc3cccc(F)c32)CC1,EC50,'=',290
O=C(Cc1ccccc1)NC1CCN(CCCN2C(=O)CCc3ccccc32)CC1,EC50,'=',48
CCC(=O)NC1CCN(CCCN2C(=O)COc3ccccc32)CC1,EC50,'=',27
O=C1CCc2ccncc2N1CCCN1CCC(n2c(=O)[nH]c3ccccc32)CC1,EC50,,
CC(=O)OCC[N+](C)(C)C,EC50,'=',1.1
O=C(NCc1ccccc1-c1cccc(Cl)c1)C1CCNCC1,EC50,'=',501.19
Cc1ccccc1CN1CCC(N2CCC(n3c(=O)[nH]c4c(F)cccc43)CC2)CC1,EC50,'=',1.06
O=c1[nH]c2ccccc2n1C1CCN(C2CCN(Cc3ccccc3[N+](=O)[O-])CC2)CC1,EC50,'=',120
O=c1[nH]c2cc(Cl)ccc2n1C1CCN(C2CCN(Cc3ccccc3C(F)(F)F)CC2)CC1,EC50,'=',1500
O=C1C(=O)N(Cc2ccc(-n3cccn3)cc2)c2ccccc21,EC50,'=',10
O=C1C(=O)N(Cc2ccccc2)c2ccccc21,EC50,'=',10
O=c1c2c[nH]c3ccccc3c-2nn1Cc1ccc(-n2cccn2)cc1,EC50,,
CN1CCC2(CCN(Cc3ccc(-c4cnn(C)c4)cc3F)C2=O)C1,EC50,'>',10000
O=C(NCc1ccncc1)c1ccccc1-c1ccco1,EC50,'>',10000
N[C@H]1CC[C@H](CNC(=O)c2ccccc2-c2cccc(Cl)c2)CC1,EC50,'>',10000
Fc1cc(Cl)cc(C#CCOc2nsnc2C23CN4CC2C3C4)c1,EC50,'=',110
O=C1CCc2ccccc2N1CCCN1CCC(n2c(=O)[nH]c3ccccc32)CC1,EC50,'=',6.3
CS(=O)(=O)N1[C@@H]2CC[C@H]1C[C@H](NCCNC(=O)c1ccccc1)C2,EC50,,
CCOC(=O)N1[C@@H]2CC[C@H]1C[C@H](NCCNC(=O)c1ccc[nH]1)C2,EC50,,
Cc1cnc(C(=O)N[C@H]2CC(O)OC[C@@H]2O)cc1Cc1ccc(-n2cccn2)cc1,EC50,'>',3000
Cc1cnc(C(=O)N[C@H]2CCOC(O)[C@@H]2O)cc1Cc1ccc(-c2cscn2)cc1,EC50,'=',162
Cn1ccc(-c2ccc(Cn3cc(C(=O)N[C@H]4CCOC(O)[C@@H]4O)c4ncccc43)cc2)n1,EC50,'>',257
O=C(N[C@H]1CCC(O)C[C@@H]1O)c1cn(Cc2ccc(-n3cccn3)cc2)c2cccnc12,EC50,'=',167
CC[N+](CC)(CC)CCOc1cccc(OCC[N+](CC)(CC)CC)c1OCC[N+](CC)(CC)CC,EC50,'=',173780.08
COc1cccc(CC[N+](C)(C)C)c1.O=C[O-],EC50,'=',540
,,,
O=C(N[C@H]1CCCC[C@@H]1O)C1CN(Cc2ccc(-n3cccn3)cc2)c2cc(F)ccc2O1,EC50,'=',309.03
O=C(N[C@H]1CCOC[C@@H]1O)C1CN(Cc2ccc(-n3cccn3)cc2)c2ccccc2O1,EC50,'=',190
Cc1ccc(CN2CC(C(=O)N[C@H]3CCCC[C@@H]3O)Oc3ccccc32)cn1,EC50,'=',812.83
Cc1ccn(-c2ccc(CN3CC(C(=O)N[C@H]4CCCC[C@@H]4O)Oc4ccccc43)cn2)n1,EC50,'=',660.69
Cc1ccc(CN2CC(C(=O)N[C@H]3CCCC[C@@H]3O)Oc3ccccc32)cn1,EC50,'=',850
O=C(N[C@H]1CCCC[C@@H]1O)C1CN(Cc2ccc(-n3cccn3)cc2F)c2ccccc2O1,EC50,'=',1600
O=C(N[C@H]1CCCC[C@@H]1O)C1CN(Cc2ccc(-n3cccn3)cc2)c2ccc(F)cc2O1,EC50,'=',2187.76
O=C(N[C@H]1CCC[C@@H]1O)C1CN(Cc2ccc(-n3cccn3)cc2)c2ccccc2O1,EC50,'=',1174.9
O=C(Nc1ncccc1O)C1CN(Cc2ccc(-n3cccn3)cc2)c2ccccc2O1,EC50,'=',710
O=C(N[C@H]1CCCC[C@@H]1O)C1CN(Cc2ccc(Cl)nc2)c2ccccc2O1,EC50,'=',7600
O=C(N[C@H]1CCCC[C@@H]1O)C1CN(Cc2ccc(C(F)(F)F)nc2)c2ccccc2O1,EC50,'=',3700
,,,
Cc1ccc(Cn2nc3c4ccccc4n(Cc4ccccc4C)cc-3c2=O)c(C)c1,EC50,,
Cc1ccc(Cn2nc3c4ccccc4n(Cc4ccccc4F)cc-3c2=O)c(C)c1,EC50,'=',656
Cc1ccc(Cn2nc3c4ccccc4n(C)cc-3c2=O)c(C)c1,EC50,,
O=c1c2cn(Cc3ccccc3)c3ccccc3c-2nn1Cc1ccccc1F,EC50,'=',1010
Cc1nnc2sc(C(=O)NCc3ccc(S(=O)(=O)C(F)F)cc3)c(N)c2c1C,EC50,'>',30000
CCCCC1CCN(CCCC(=O)c2ccccc2C)CC1.Cl,EC50,'=',450
,,,
CCCO[C@H]1CC[C@](C)(N2CCC(n3c(=O)oc4ccc(S(C)(=O)=O)cc43)CC2)CC1,EC50,'=',2.512
CCCCOc1nsnc1OC1CCN(C)C1,EC50,,
Cn1cc(-c2ccc(CN3C(=O)COc4ccccc43)c(F)c2)cn1,EC50,'=',5200
,,,
Cn1cc(-c2ccc(CN3C(=O)C(C)(O)c4ccccc43)c(F)c2)cn1,EC50,'>',10000
CC(C)(CN1C(=O)c2cccc3cccc(c23)C1=O)C[N+](C)(C)CCCCCC[N+](C)(C)CC#CCOc1ccon1.[Br-].[Br-],EC50,'=',8912.51
CN1CCC=C(c2nsnc2OCC#Cc2ccccc2)C1,EC50,'=',110
O=C(NCC1CCNCC1)c1cccc(Cl)c1-c1cccc(Cl)c1,EC50,'>',10000
Cc1ccc(-c2cccc(Cl)c2)c(C(=O)NCC2CCNCC2)c1,EC50,'=',1000
O=C(CCC1CCNCC1)c1ccccc1-c1cccc(Cl)c1,EC50,'>',10000
Clc1cccc(-c2ccccc2CNCC2CCNCC2)c1,EC50,'>',10000
Fc1cccc(-c2cc(Cl)ccc2Cl)c1-c1nc(C2CCNCC2)no1,EC50,'=',501.19
Fc1cccc(-c2cccc(Cl)c2)c1-c1noc(CC2CCNCC2)n1,EC50,'>',10000
C[C@H]1CNCC[C@@H]1CNC(=O)c1c(F)cccc1-c1cccc(Cl)c1,EC50,'=',0.7943
CCCO[C@H]1CC[C@](C)(N2CCC(N3C(=O)Cc4ccc(C)cc43)CC2)CC1,EC50,'=',0.5012
CSCC1CC(C2=CCCN(C)C2)=NO1,EC50,'=',5680
C[N+](C)(C)CCOC(N)=O.[Cl-],EC50,'=',250
Cn1cc(-c2ccc(CN3C(=O)C4(CCN(C5CCCC5)C4)c4ccccc43)c(F)c2)cn1,EC50,'=',3100
O=C(NC1CCCNC1)c1ccccc1-c1nc(Cl)cs1,EC50,'>',10000
Cc1ccc(-c2ccccc2C(=O)NCC2CCNCC2)cc1,EC50,'>',10000
CN(C)c1cccc(-c2ccccc2C(=O)NCC2CCNCC2)c1,EC50,'>',10000
O=C(NCC1CCNCC1)c1ccccc1-c1cccc(OC(F)(F)F)c1,EC50,'>',10000
O=C1CCc2ccccc2N1OCCN1CCC(n2c(=O)[nH]c3ccccc32)CC1,EC50,,
O=C1COc2ccccc2N1CCCN1CCC(n2c(=O)[nH]c3cccc(F)c32)CC1,EC50,,
O=C1CCc2c(F)cccc2N1CCCN1CCC(n2c(=O)[nH]c3ccccc32)CC1,EC50,'=',68
O=C(NCC1CCNCC1)c1ccccc1-c1ccc(Cl)cc1,EC50,'=',86
COc1cccc(-c2ccccc2C(=O)NCC2CCNCC2)c1,EC50,'>',10000
O=C(NCC1CCNCC1)c1ccccc1-c1cccc(C(F)(F)F)c1,EC50,'>',10000
N#Cc1cccc(-c2ccccc2C(=O)NCC2CCNCC2)c1,EC50,'>',10000
COc1cccc(C#CCO/N=C2\CN3CCC2C3)c1,EC50,'>',1000
CN1CCC=C(C2=NOC(N3CCCC3=O)C2)C1,EC50,'=',31
O=C(Cc1ccccc1)NC1CCN(CCCN2C(=O)COc3ccccc32)CC1,EC50,'=',97
CCCCCSc1nsnc1OC1CN2CCC1CC2,EC50,'=',433.3
O=c1[nH]c2ccc(F)cc2n1C1CCN(C2CCN(S(=O)(=O)c3ccccc3)CC2)CC1,EC50,'=',3300
,,,
,,,
C[N+](C)(C)CCOC(N)=O.[Cl-],EC50,'=',33500
Cc1ccccc1CN1CCC(N2CCC(n3c(=O)[nH]c4cc(Cl)ccc43)CC2)CC1,EC50,'=',1030
,,,
COc1ccc(Cn2cc(C(=O)O)c(=O)c3c(F)ccc(F)c32)cc1,EC50,'=',31.62
COc1ccc(Cn2cc(C(=O)O)c(=O)c3ccccc32)cc1,EC50,'=',128.82
COc1ccccc1CN/C(C)=N/c1ccc2c(c1)[C@@H](NC(=O)c1ccc(Br)cc1)[C@H](O)C2,EC50,'=',572
CCCCCCOc1nsnc1C1=CCCN(C)C1,EC50,'=',57
,,,
FC(F)(F)C[C@@H]1N=C(c2ccccc2)c2cc(Cl)ccc2NC1=S,EC50,'=',311
CC(C)(O)C1N=C(c2ccccc2)c2cc(Cl)ccc2NC1=S,EC50,'=',1846
S=C1Cc2ccccc2-c2cc(Cl)ccc2N1,EC50,'>',10000
CCOC(=O)N1CCC(CN2CCC3(CC2)CN(S(C)(=O)=O)c2ncccc23)CC1,EC50,'=',352
C(#Cc1ccccc1)CSc1nsnc1[C@H]1CN2CCC[C@H]1C2,EC50,'=',0.2
CN1CCC=C(c2nsnc2SCCSc2nsnc2C2=CCCN(C)C2)C1,EC50,'=',440
CCCSc1nsnc1OC1CN2CCCC1C2,EC50,'=',1
C[N+](C)(CC#CCOC1=NOCC1)CCCCNC(=O)c1cn(Cc2ccccc2)c2c(F)cccc2c1=O.[Br-],EC50,'=',57.54
C[N+](C)(C)CCOC(N)=O.[Cl-],EC50,'=',3811
Cn1cc2c(-c3cc(F)c(CN4Cc5ncoc5C4=O)c(F)c3)cccc2n1,EC50,'>',10000
C(#Cc1ccccc1)CSc1nsnc1[C@@H]1CN2CCC[C@H]1C2,EC50,'=',1
Cc1cccc(C(=O)N2CCC(N3CCC(n4c(=O)[nH]c5ccccc54)CC3)CC2)c1,EC50,'=',510
Cn1c(CO)c(Cc2ccc(-n3cccn3)cc2)cc(C(=O)N[C@H]2CCCC[C@@H]2O)c1=O,EC50,'=',40
CC(=O)OCC[N+](C)(C)C.[Cl-],EC50,'=',770
C[N+](C)(C)CC#CCN1CCCC1=O.[I-],EC50,'=',7400
O=c1[nH]c2cc(Cl)ccc2n1C1CCN(C2CCN(Cc3ccccc3Cl)CC2)CC1,EC50,'=',1800
,,,
O=C1CCc2ccccc2N1CCCN1CCC(CCCCCCCCCO)CC1,EC50,'=',245470.89
CCO[C@H]1CC[C@](C)(N2CCC(N3C(=O)Cc4ccc(C)cc43)CC2)CC1,EC50,'=',0.3981
O=C(NC[C@H]1C[C@H]2CC[C@@H](C1)N2)c1ccccc1-c1cccc(Cl)c1,EC50,'>',10000
Cc1ccc2c(c1)N=C(C1=CCN(C)CC1)c1cc(F)ccc1N2,EC50,'=',310
CCc1ccc2c(c1)C(C1=CCN(C)CC1)=Nc1cc(C)ccc1N2,EC50,'>',10000
Cc1[nH]cc2c1C(=O)N(Cc1c(F)cc(-c3cccc4nn(C)cc34)cc1F)C2,EC50,'>',10000
Cn1cc2c(-c3cc(F)c(CN4Cc5ccn(CC6CCCO6)c5C4=O)c(F)c3)cccc2n1,EC50,'=',6450
Cc1ccc(OC2CCN(c3ncnc4ccc(F)cc34)CC2)cn1,EC50,'>',10000
CN1CCN(C(=O)C(F)(Cc2ccccc2)c2ccccc2)CC1,EC50,'=',28.18
C/C(=N\c1ccc2c(c1)[C@@H](NC(=O)c1ccc(Br)cc1)[C@H](O)C2)Nc1ccc(F)cc1,EC50,'=',51
COc1cccc(CN/C(C)=N/c2ccc3c(c2)[C@@H](NC(=O)c2ccc(Br)cc2)[C@H](O)C3)c1,EC50,'=',198
COc1ccc(CN/C(C)=N/c2ccc3c(c2)[C@@H](NC(=O)c2ccc(Br)cc2)[C@H](O)C3)cc1,EC50,'=',837
Cn1cc(-c2ccc(Cn3nc(C(=O)N[C@H]4CCCC[C@@H]4O)c4ncccc43)c(F)c2)cn1,EC50,'=',25.3
CNC(=O)c1ccc(Cn2cc(C(=O)N[C@H]3COCC[C@@H]3O)c3ncccc32)cc1,EC50,'=',9.1
CN1CCC=C(c2nsnc2OCC#Cc2ccccc2)C1,EC50,'=',110.9
CCCCCCOc1nsnc1C1=CCCN(C)C1,EC50,'=',134.5
C[N+](C)(C)CCOC(N)=O,EC50,'=',630.96
O=C1COc2ccccc2N1CCCN1CCC(n2c(=O)[nH]c3c(F)cccc32)CC1,EC50,'=',110
O=C1COc2ccccc2N1CCCN1CCC(n2c(=O)[nH]c3ccncc32)CC1,EC50,'=',1200
O=C1COc2ccccc2N1CCCN1CCC(n2c(=O)[nH]c3cccnc32)CC1,EC50,'=',1700
CN1CCC=C(C2=NOC(C#N)C2)C1,EC50,'=',7540
CC(=O)OCC[N+](C)(C)C,EC50,'=',100000
,,,
Cc1ccc(Cc2cc3c(=O)n([C@H]4CCCC[C@@H]4O)cnc3c3ccccc23)cn1,EC50,'=',63
Clc1ccc(C#CCSc2nsnc2C23CN4CC2C3C4)cc1,EC50,'=',107
O=C(N[C@H]1CCCC[C@@H]1O)C1CN(Cc2ccc(-n3cccn3)cc2)c2cc(Cl)ccc2O1,EC50,'=',2800
O=C(N[C@H]1CCCC[C@@H]1O)C1CN(Cc2ccc(-n3cccn3)cc2)c2cccc(F)c2O1,EC50,'=',140
O=C(Nc1ncccc1O)C1CN(Cc2ccc(-n3cccn3)cc2)c2ccccc2O1,EC50,'=',691.83
O=C(N[C@H]1CCCC[C@@H]1O)C1CN(Cc2ccc(C3CC3)nc2)c2ccccc2O1,EC50,'=',2238.72
O=C(N[C@H]1CCCC[C@@H]1O)C1CN(Cc2ccc(-n3cccc3)nc2)c2ccccc2O1,EC50,'=',478.63
CCCCCCOc1nsnc1C1=CCCN(C)C1,EC50,'=',316.23
CCCCCCOc1nsnc1C1=CCCN(C)C1,EC50,'=',158.49
Cc1ccccc1Cn1nc2c3ccccc3n(Cc3ccccc3)cc-2c1=O,EC50,'=',776.25
C/C(=N\c1ccc2c(c1)[C@@H](NC(=O)c1ccc(F)cc1)[C@H](O)C2)N(C)Cc1ccc(F)cc1,EC50,'=',392
O=C(CCCN1CCC(O)(c2ccc(Cl)cc2)CC1)c1ccc(F)cc1,EC50,,
O=C1CCc2ccc(F)cc2N1CCCN1CCC(n2c(=O)[nH]c3ccccc32)CC1,EC50,,
,,,
,,,
Cc1cnc(C(=O)N[C@H]2CCOC[C@@H]2O)cc1C(O)c1ccc(-n2cccn2)cc1,EC50,'>',1000
Cc1cnc(C(=O)N[C@H]2CCOC[C@@H]2O)cc1C(O)c1ccc(-n2cccn2)cc1,EC50,'>',1000
Cc1ccc2c(n1)c(C(=O)N[C@H]1CCOC[C@@H]1O)cn2Cc1ccc(-c2ccn(C)n2)cc1,EC50,'=',255
Cn1ccc(-c2ccc(Cn3cc(C(=O)N[C@H]4CCOC[C@@H]4O)c4nc(CO)ccc43)cc2)n1,EC50,'=',99
Cc1cnc(C(=O)N[C@H]2CCOC[C@@H]2O)cc1Cc1ccc(-n2cc(O)cn2)cc1,EC50,'=',70
CCCCCCOc1nsnc1C1=CCCN(C)C1,EC50,'=',2600
C[N+](C)(C)CCOC(N)=O.[Cl-],EC50,'=',5690
O=C1CCc2ccccc2N1CCCN1CCC(CCCCCO)CC1,EC50,'=',112.2
O=C1CCc2ccccc2N1CCCN1CCC(CCCCCCCO)CC1,EC50,'=',69.18
CCOC(=O)N1CCC(CN2CCC3(CC2)CN(C(=O)N(C)C)c2ncccc23)CC1.O=C(O)/C=C/C(=O)O,EC50,'=',133
O=C1CCc2ccccc2N1CCCN1CCC(Cc2ccccc2)CC1,EC50,'=',186.21
O=C(N[C@H]1CCCC[C@@H]1O)c1cn(Cc2ccc([N+]3([O-])C=CC=N3)cc2)c2cccnc12,EC50,'=',34
CCCCC1CCN(CCCC(=O)c2ccccc2C)CC1.Cl,EC50,'=',720
Cn1ccc2c(Cc3ccc(-c4nccs4)cc3)cc(C(=O)N[C@@H]3CCOC[C@H]3O)nc21,EC50,'=',90
Cn1cc(-c2ccc(Cn3cc(C(=O)N[C@H]4COCC[C@@H]4O)c4ncccc43)c(F)c2)cn1,EC50,'=',30.3
Cn1cc(-c2ccc(Cn3cc(C(=O)N[C@H]4CCCC[C@@H]4O)c4ncccc43)c(F)c2)cn1,EC50,'=',9.8
Cn1cc(-c2ccc(Cn3cc(C(=O)N[C@H]4COCC[C@@H]4O)c4ncccc43)cc2)cn1,EC50,'=',11.1
C[N+](C)(C)CCOC(N)=O.[Cl-],EC50,'=',954.99
O=C(N[C@H]1CCCC[C@@H]1O)C1CN(Cc2ccc(-n3ccnc3)nc2)c2ccccc2O1,EC50,'=',281.84
O=C(N[C@H]1CCCC[C@@H]1O)C1CN(Cc2ccc(Br)nc2)c2ccccc2O1,EC50,'=',1200
O=C(N[C@H]1CCCC[C@@H]1O)C1CN(Cc2ccc(C3CC3)nc2)c2ccccc2O1,EC50,'=',2500
COc1ccc2c(c1)CCC(=O)N2CCCN1CCC(NC(=O)Cc2ccccc2)CC1,EC50,'=',560
O=C(Cc1ccccc1)NC1CCN(CCCn2c(=O)oc3ccccc32)CC1,EC50,'=',1100
CC(=O)NC1CCN(CCCN2C(=O)COc3ccccc32)CC1,EC50,'=',180
C[N+](C)(C)CCOC(N)=O.[Cl-],EC50,'=',2.00E+13
Cc1nc(-c2ccc(Cc3cc4c(cc3C)CCN([C@H]3CCOC[C@@H]3O)C4=O)cc2)co1,EC50,'=',23
Cc1cc2c(cc1Cc1ccc(-c3cocn3)cc1)C(=O)N([C@H]1CCOC[C@@H]1O)C2,EC50,'>=',5000
Cc1ccc(Cc2cc3c(=O)n([C@H]4CCCC[C@@H]4O)cnc3c3ccccc23)cn1,EC50,'>',2000
Cn1ccc(-c2ccc(Cn3cc(C(=O)N[C@H]4CCOC[C@@H]4O)c4ncccc43)cc2)n1,EC50,'>',1000
CC1COCC(C[N+](C)(C)C)O1.[I-],EC50,'=',2.04E+12
COC(=O)N1[C@@H]2CC[C@H]1C[C@H](NCCNC(=O)c1ccccc1)C2,EC50,'>',10000
Cn1cc2c(-c3cc(F)c(CN4C=CC5=NCCN5C4=O)c(F)c3)cccc2n1,EC50,'>',10000
CC[C@@H]1C(=O)OC[C@@H]1Cc1cncn1C,EC50,'=',831.76
C[N+](C)(CC#CCOC1=NOCC1)CCCCCCNC(=O)c1cn(Cc2ccccc2)c2cc(Cl)c(F)cc2c1=O.[Br-],EC50,'=',302
COc1ccc(Cn2cc(C(=O)O)c(=O)c3ccccc32)cc1,EC50,'=',8317.64
CCS(=O)(=O)N1[C@@H]2CC[C@H]1C[C@H](NCCNC(=O)c1ccccc1)C2,EC50,,
Fc1ccc(-c2noc(C3CCN(c4cnc5ccc(Cl)cc5c4)CC3)n2)c(Cl)c1,EC50,'>',50000
CCCCCSc1nsnc1OC1CN2CCC1CC2,EC50,,
CCCCCSc1nsnc1OC1CN2CCC1CC2,EC50,'=',135.8
COc1cccc(CC[N+](C)(C)C)c1.O=C[O-],EC50,'=',9120.11
CC(=O)OCC[N+](C)(C)C,EC50,'=',620
C#CCC#CCC#CCO/N=C1\CN2CCC1C2,EC50,'=',5100
CCOC(=O)N1[C@@H]2CC[C@H]1C[C@H](CN1CC[C@@H](N3Cc4ccccc4NC3=O)C1)C2,EC50,'=',14
COc1ccc(N/C(C)=N/c2ccc3c(c2)[C@@H](NC(=O)c2ccc(Br)cc2)[C@H](O)C3)cc1,EC50,'=',105
C/C(=N\c1ccc2c(c1)[C@@H](NC(=O)c1ccc(C(F)(F)F)cc1)[C@H](O)C2)N(C)Cc1ccc(F)cc1,EC50,'=',36
C/C(=N\c1ccc2c(c1)[C@@H](NC(=O)c1ccc(Br)cc1)[C@H](O)C2)NCc1ccc(F)cc1,EC50,'=',20.9
Cn1cc(-c2ccc(Cn3cc(C(=O)N[C@H]4CCOC[C@@H]4O)c4ncccc43)c(F)c2)cn1,EC50,'=',28.5
Cc1ccc(Cn2nc3c4ccccc4n(Cc4ccccn4)cc-3c2=O)c(C)c1,EC50,'=',3801.89
Cc1ccc(Cn2nc3c4ccccc4n(Cc4cccc(F)c4)cc-3c2=O)c(C)c1,EC50,'=',1412.54
O=c1c2cn(Cc3ccccc3)c3ccccc3c-2nn1Cc1cccnc1,EC50,'=',6309.57
,,,
,,,
COc1ccc(CCN/C(C)=N/c2ccc3c(c2)[C@@H](NC(=O)c2ccc(Br)cc2)[C@H](O)C3)cc1,EC50,'=',426
C/C(=N\c1ccc2c(c1)[C@@H](NC(=O)c1ccc(Br)cc1)[C@H](O)C2)NCc1cccc(F)c1,EC50,'=',48.4
Cc1cc2c(cc1Cc1ccc(-n3cccn3)cc1)C(=O)N([C@H]1CCOC[C@@H]1O)CC2,EC50,'=',18
Cc1cc2c(cc1Cc1ccc(-c3cscn3)cc1)C(=O)N([C@H]1CCOC[C@@H]1O)C2,EC50,'=',24
Cc1cc2c(cc1Cc1ccc(-c3cscn3)cc1)C(=O)N([C@H]1CCOC[C@@H]1O)CC2,EC50,'=',7
Cc1nc(-c2ccc(Cc3cc4c(cc3C)CN([C@H]3CCOC[C@@H]3O)C4=O)cc2)co1,EC50,'=',50
CCCCCCOc1nsnc1C1=CCCN(C)C1,EC50,'=',67.3
CN1CCCC/C1=N\c1ccc2c(c1)[C@@H](NC(=O)c1ccc(Br)cc1)[C@H](O)C2,EC50,'=',80
Cc1cnc(C(=O)N[C@H]2CCOC[C@@H]2O)cc1Cc1ccc(-c2cscn2)cc1,EC50,'>',4000
Cc1cnc(C(=O)N[C@H]2CCOC(O)[C@@H]2O)cc1Cc1ccc(-n2cccn2)cc1,EC50,'=',511
CCC(=O)N1[C@@H]2CC[C@H]1C[C@H](NCCNC(=O)c1ccccc1)C2,EC50,,
Cn1cnc2ccc(-c3cc(F)c(CN4Cc5sccc5C4=O)c(F)c3)cc21,EC50,'=',2870
Cn1cc2c(-c3cc(F)c(CN4Cc5cnn(CCO)c5C4=O)c(F)c3)cccc2n1,EC50,'=',1510
CSc1ccc2c(c1)C(c1ccccc1)=NCC(=S)N2,EC50,'=',870
S=C1COC(c2ccccc2)c2cc(Cl)ccc2N1,EC50,'>',10000
Cn1cc2c(-c3cc(F)c(Cn4c(=O)cnc5ccccc54)c(F)c3)cccc2n1,EC50,'>',10000
Cn1cc(-c2ccc(CN3Cc4ncccc4C3=O)c(F)c2)cn1,EC50,'>',10000
O=C(N[C@H]1CCCC[C@@H]1O)c1cn(Cc2ccc(-c3cncnc3)cc2)c2cccnc12,EC50,'=',371
O=C(N[C@@H]1CCCC[C@H]1O)c1cc(Cc2ccc(-c3ccc(F)cn3)cc2)c2cccn2n1,EC50,'=',149
C[N+](C)(C)CCOC(N)=O.[Cl-],EC50,'=',10715.19
COc1ccc(Cn2cc(C(=O)O)c(=O)c3ccccc32)cc1,EC50,'=',823
O=C(N[C@H]1CC(O)CC[C@@H]1O)c1cn(Cc2ccc(-n3cccn3)cc2)c2cccnc12,EC50,'>',72
Cn1ccc(-c2ccc(Cn3cc(C(=O)N[C@H]4CC(O)OC[C@@H]4O)c4ncccc43)cc2)n1,EC50,'>',207
O=C(N[C@H]1CCCC[C@@H]1O)c1nn(Cc2ccc(-n3cccn3)cc2)c2ccccc12,EC50,'=',4500
O=c1[nH]c2ccccc2n1C1CCN(C2CCN(S(=O)(=O)c3ccccc3)CC2)CC1,EC50,'=',1400
Cn1cc(-c2ccc(Cn3nc4c5ccccc5[nH]cc-4c3=O)cc2)cn1,EC50,,
O=c1c2cn(Cc3ccccc3)c3ccccc3c-2nn1Cc1ccncc1,EC50,'>',10000
Cc1ccccc1Cn1nc2c3ccccc3n(Cc3ccccc3)cc-2c1=O,EC50,'=',783
Cc1ccc(Cn2nc3c4ccccc4n(Cc4ccccc4F)cc-3c2=O)c(C)c1,EC50,'=',660.69
O=C(N[C@@H]1CCCC[C@H]1O)c1cc(Cc2ccc(-c3cccnc3)cc2)c2cccn2n1,EC50,'=',75
Cc1cc2c(s1)Nc1ccccc1N=C2N1CCN(C)CC1,EC50,'>',100000
Clc1ccc2c(c1)N=C(N1CCNCC1)c1ccccc1N2,EC50,'=',48
CCN1CC=C(C2=Nc3cc(Cl)ccc3Nc3ccc(F)cc32)CC1,EC50,'>',10000
Cn1cc2cc(-c3cc(F)c(CN4Cc5sccc5C4=O)c(F)c3)ccc2n1,EC50,'=',1020
COCCn1ncc2c1C(=O)N(Cc1c(F)cc(-c3cccc4nn(C)cc34)cc1F)C2,EC50,'=',3930
Cc1cc(-c2cc(F)c(CN3Cc4cnn(CC5CCCO5)c4C3=O)c(F)c2)ccn1,EC50,'=',3580
O=C(N[C@H]1CC[C@H](CO)CC1)c1cn(Cc2ccc(-n3cccn3)cc2)c2cccnc12,EC50,'=',248
CN1CCN(C2=Nc3cc(Cl)ccc3Nc3ccccc32)CC1,EC50,'>',10000
COc1nnc2sc(C(=O)NC3CN(c4ncc(C(F)(F)F)cn4)C3)c(N)c2c1C,EC50,'>',30000
CC(=O)OCC[N+](C)(C)C,EC50,'=',46.77
CC(=O)OCC[N+](C)(C)C,EC50,'=',47
O=C(NC1CCOCC1)C1CN(Cc2ccc(-n3cccn3)cc2)c2ccccc2O1,EC50,'=',6309.57
C=Cc1ccc(CN2CC(C(=O)N[C@H]3CCCC[C@@H]3O)Oc3ccccc32)cn1,EC50,'=',676.08
Cc1cc(N)c(C(=O)N[C@H]2CCOC[C@@H]2O)cc1Cc1ccc(-n2cccn2)cc1,EC50,'>',9000
Cc1cnc(C(=O)N[C@H]2CCOC[C@@H]2O)cc1Cc1ccc(-c2cscn2)cc1,EC50,'=',365
CN1CCC=C(c2nsnc2OCCOCCOCCOCCOc2nsnc2C2=CCCN(C)C2)C1,EC50,'=',7.943
Cc1nc2sc(C(=O)NC3CC3)c(N)c2c(C)c1Cl,EC50,'=',970
CC(C)(O)CNC(=O)c1cc(Cc2ccc(-c3ccncc3)cc2)c2cccn2n1,EC50,'=',405
Cn1cc(-c2ccc(Cc3cc(C(=O)N[C@H]4CCCC[C@@H]4O)nn4cccc34)cc2)cn1,EC50,'=',80
,,,
CCOC(=O)N1C[C@H]2CC[C@@H](C1)[C@H]2NCCNC(=O)c1cccs1,EC50,'=',170
O=C(N[C@H]1CCCC[C@@H]1O)C1CN(Cc2ccc(-n3cccc3)nc2)c2ccccc2O1,EC50,'=',500
Cc1ccc(Cn2cc3c(=O)n(Cc4ccc(C)cc4C)nc-3c3ccccc32)cc1,EC50,,
Cc1ccc(Cn2nc3c4ccccc4n(Cc4ccc(-n5cccn5)cc4)cc-3c2=O)c(C)c1,EC50,'=',1148.15
COc1ccc(Cn2cc3c(=O)n(Cc4ccc(C)cc4C)nc-3c3ccccc32)cc1,EC50,'=',812.83
Cn1nc2c3ccccc3n(Cc3ccc(-n4cccn4)cc3)cc-2c1=O,EC50,'=',2430
C[C@H]1C=C(C2=Nc3cc(Cl)ccc3Nc3ccc(F)cc32)CCN1C,EC50,'>',10000
Nc1noc(C2CN3CCC2C3)n1,EC50,'=',100000
CC#CCC#CCO/N=C1\CN2CCC1C2,EC50,'=',5050
CN1CCC=C(c2nsnc2OCCOCCOCCOCCO)C1.Cl,EC50,'=',630.96
Cc1ccc(Cn2nc3c4ccccc4n(Cc4ccc(F)cc4)cc-3c2=O)c(C)c1,EC50,'=',2020
Cc1ccc(Cn2nc3c4ccccc4n(Cc4cccnc4)cc-3c2=O)c(C)c1,EC50,'=',3630.78
O=c1c2cn(Cc3ccccc3)c3ccccc3c-2nn1Cc1ccncc1,EC50,'>',10000
Cn1ncc2cc(Cn3cc(C(=O)N[C@H]4COCC[C@@H]4O)c4ncccc43)ccc21,EC50,'=',71.5
Cn1cc(-c2ccc(Cn3cc(C(=O)N[C@H]4COCC[C@@H]4O)c4ncccc43)cc2F)cn1,EC50,'=',15.5
,,,
CN1CCC=C(c2nsnc2OCCCCCCCC2CCN(CCCN3C(=O)CCc4ccccc43)CC2)C1,EC50,'=',165.96
Cn1cc2cc(-c3ccc(CN4Cc5sccc5C4=O)c(F)c3)ccc2n1,EC50,'=',2780
O=C1COc2ccccc2N1CCCN1CCC(n2c(=O)[nH]c3cnccc32)CC1,EC50,,
O=C(N[C@@H]1CCCC[C@H]1O)c1cc(Cc2ccc(-c3ccncc3)cc2)c2cccn2n1,EC50,'=',133
Cn1cc(-c2ccc(CN3C(=O)C4(CCN(C5CCCCCC5)C4)c4ccccc43)c(F)c2)cn1,EC50,'=',7500
CN1CCCC12C(=O)N(Cc1ccc(-c3cnn(C)c3)cc1)c1ccccc12,EC50,'>',10000
Cn1cc2c(-c3cc(F)c(CN4Cc5ocnc5C4=O)c(F)c3)cccc2n1,EC50,'>',10000
Cn1cc2c(-c3cc(F)c(CN4Cc5ccn(CCCO)c5C4=O)c(F)c3)cccc2n1,EC50,'=',5580
Cc1nn(C)cc1-c1cc(F)c(CN2Cc3cnn(CC4CCCO4)c3C2=O)c(F)c1,EC50,'=',3220
Cc1cc2c(cc1Cc1ccc(-n3cccn3)cc1)C(=O)N([C@H]1CCOC[C@@H]1O)C2,EC50,'=',36
COc1cccc(CC[N+](C)(C)C)c1.O=C[O-],EC50,'=',537.03
Cn1cc2cc(-c3ccc(CN4Cc5ncsc5C4=O)c(F)c3)ccc2n1,EC50,'=',2000
Cn1cc2c(-c3cc(F)c(CN4Cc5ccsc5C4=O)c(F)c3)cccc2n1,EC50,'=',2164
Cn1cc(-c2ccc(CN3Cc4ccsc4C3=O)c(F)c2)cn1,EC50,'=',4900
Cn1cc2cc(-c3cc(F)c(CN4Cc5occc5C4=O)c(F)c3)ccc2n1,EC50,'=',992
Cn1cc2c(-c3cc(F)c(CN4Cc5ccn(CCN6CCCC6)c5C4=O)c(F)c3)cccc2n1,EC50,'=',2920
Cn1cc2c(-c3cc(F)c(CN4Cc5cn(CC6CCCO6)nc5C4=O)c(F)c3)cccc2n1,EC50,'=',3540
CC(=O)OCC[N+](C)(C)C,EC50,'=',371.54
Cn1ccc(-c2ccc(Cc3cc(C(=O)N[C@@H]4CCCC[C@H]4O)nc4c3ccn4C)cn2)n1,EC50,'=',123.03
C[N+](C)(CC#CCOC1=NOCC1)CCCCNC(=O)c1cn(Cc2ccccc2)c2cc(Br)ccc2c1=O.[Br-],EC50,'=',63.1
Cc1ccc(Cn2nc3c4ccccc4n(Cc4cccnc4)cc-3c2=O)c(C)c1,EC50,'=',3660
O=C(N[C@H]1CCCC[C@@H]1O)C1Cc2ccccc2N(Cc2ccc(-n3cccn3)cc2)C1,EC50,'=',1400
O=C(N[C@H]1CCCC[C@@H]1O)C1CN(Cc2ccc(-n3cccn3)cc2)c2ccc(F)cc2O1,EC50,'=',2200
O=C(NCC(O)C(F)(F)F)C1CN(Cc2ccc(-n3cccn3)cc2)c2ccccc2O1,EC50,'=',2137.96
O=C(N[C@H]1CCC[C@@H]1O)C1CN(Cc2ccc(-n3cccn3)cc2)c2ccccc2O1,EC50,'=',1200
COc1cccnc1NC(=O)C1CN(Cc2ccc(-n3cccn3)cc2)c2ccccc2O1,EC50,'=',1700
Cc1cc2c(cc1Cc1ccc(-c3cocn3)cc1)C(=O)N([C@H]1CCOC[C@@H]1O)CC2,EC50,'=',26
COC(C)C1N=C(c2ccccc2)c2cc(Cl)ccc2NC1=S,EC50,'=',354
C[N+](C)(C)CCOC(N)=O,EC50,'=',1584.89
O=C1CCc2ccccc2N1CCCN1CCC(CCCCCCCO)CC1,EC50,'=',100
COc1ccc(Cn2cc3c(=O)n(Cc4ccc(C)cc4C)nc-3c3ccccc32)cc1,EC50,'=',821
CCc1ccc2c(c1)C(C1=C[C@H](C)N(C)CC1)=Nc1cc(Cl)ccc1N2,EC50,'>',10000
CN1CC=C(C2=Nc3cc(Cl)ccc3Nc3ccc(F)cc32)CC1,EC50,'=',4700
Fc1ccc2c(c1)C(C1=CCNCC1)=Nc1cc(Cl)ccc1N2,EC50,'>',10000
Cc1ccc2c(c1)N=C(C1=CCNCC1)c1cc(F)ccc1N2,EC50,'>',10000
CCC[C@@H]1N=C(c2ccccc2)c2cc(Cl)ccc2NC1=S,EC50,'=',238
CC(C)[C@@H]1N=C(c2ccccc2F)c2cc(Cl)ccc2NC1=S,EC50,'=',80
CC(C)C1C(=S)Nc2ccc(Cl)cc2C(c2ccccc2)=[N+]1[O-],EC50,'=',349
CC(C)[C@@H]1N=C(c2cccnc2)c2cc(Cl)ccc2NC1=S,EC50,'=',275
CC(C)[C@@H]1N=C(c2ccccc2)c2cc(C(F)(F)F)ccc2NC1=S,EC50,'=',71
CC(C)[C@@H]1N=C(c2ccccc2)c2cc(-c3ccccc3)ccc2NC1=S,EC50,'=',1469
CC(C)[C@@H]1N=C(c2ccccc2)c2cc(Cl)ccc2N(C)C1=S,EC50,'>',10000
Cc1cc(NC(=O)CS(=O)(=O)c2cn(Cc3ccc(-c4cnn(C)c4)nc3)c3cc(F)cc(F)c23)no1,EC50,'=',310
Cc1ccc(Cc2cc3c(=O)n([C@H]4CCCC[C@@H]4O)cnc3c3ccccc23)cn1,EC50,'<',100
CB1C=Cc2cccc(OCC(O)CN(C)C)c2N1,EC50,'>',5011.87
Cn1cc(-c2ccc(Cn3cc(C(=O)N[C@@H]4CCCC[C@H]4O)c4c(F)cc(F)cc43)cn2)cn1,EC50,'=',210
,,,
,,,
CCn1cc(-c2ccc(CN3C(=O)C(O)(C(F)(F)F)c4ccccc43)c(F)c2)cn1,EC50,'=',3311.31
,,,
Cn1cc(-c2ccc(CN3C(=O)CSc4ccccc43)c(F)c2)cn1,EC50,'=',3200
Cn1cc(-c2ccc(CN3C(=O)C(N)c4ccccc43)c(F)c2)cn1,EC50,'=',1300
Cn1cc(-c2ccc(CN3C(=O)OCc4ccccc43)c(F)c2)cn1,EC50,'>',10000
CC1C(=O)N(Cc2ccc(-c3cnn(C)c3)cc2F)c2ccccc21,EC50,'>',10000
Cn1cc(-c2ccc(CN3C(=O)C(F)(C(F)(F)F)c4ccccc43)c(F)c2)cn1,EC50,'>',10000
Cn1ccc(-c2ccc(Cc3cc(C(=O)N[C@@H]4CCCC[C@H]4O)nc4c3ccn4C)cn2)n1,EC50,'=',120
,,,
O=C(O)c1cn(Cc2ccc(-c3ccccc3)cc2)c2cccc(F)c2c1=O,EC50,'=',84
CCOC(=O)N1CC[C@H]2[C@H](CCCN2CCNC(=O)c2ccccc2)C1,EC50,'=',1200
COC(=O)C12CCC(NCCNC(=O)c3ccccc3)(CC1)CC2,EC50,'=',6200
,,,
O=C(N[C@H]1CCOC[C@@H]1O)c1cc(Cc2ccc(-n3cccn3)cc2)ccn1,EC50,'>',9000
Cc1cc(F)c(C(=O)N[C@H]2CCOC[C@@H]2O)cc1Cc1ccc(-n2cccn2)cc1,EC50,'=',115
Cc1cnc(C(=O)N[C@H]2CCOC[C@@H]2O)cc1Cc1ccc(-n2cccn2)cc1,EC50,'=',109
CO[C@@H]1CCN(c2ccc(Cc3cc(C(=O)N[C@H]4CCCC[C@@H]4O)c(=O)n(C)c3C)cc2)C1,EC50,'=',1686
,,,
,,,
C=CCOC(=O)N1[C@@H]2CC[C@H]1C[C@H](NCCNC(=O)c1ccccc1)C2,EC50,'=',2000
CCOC(=O)N1[C@@H]2CC[C@H]1C[C@H](NCCNC(=O)N1CCOCC1)C2,EC50,'=',2000
,,,
CCOC(=O)N1[C@@H]2CC[C@H]1C[C@H](NCCNC(=O)c1cc(F)cc(F)c1)C2,EC50,'=',1900
Cn1ccc(-c2ccc(Cn3cc(C(=O)N[C@H]4CCOC[C@@H]4O)c4nc(C=O)ccc43)cc2)n1,EC50,'=',184
Cc1cnc(C(=O)N[C@H]2CCOC[C@@H]2O)cc1C(O)c1ccc(-c2cscn2)cc1,EC50,'>',4150
Cn1ccc(-c2ccc(Cc3cc(C(=O)N[C@@H]4CCOC[C@H]4O)nc4c3ccn4C)cc2)n1,EC50,'=',60.26
Cc1ncc(C(=O)N[C@H]2CCOC[C@@H]2O)cc1Cc1ccc(-n2cccn2)cc1,EC50,'=',392
Cn1cc2c(-c3cc(F)c(CN4Cc5nc[nH]c5C4=O)c(F)c3)cccc2n1,EC50,'>',10000
O=C1c2scnc2CN1Cc1c(F)cc(-c2ccc3ncccc3c2)cc1F,EC50,'=',8000
Cn1cc2c(-c3cc(F)c(CN4Cc5cn(CCN6CCCC6)nc5C4=O)c(F)c3)cccc2n1,EC50,'=',5180
Cn1cc(-c2ccc(CN3Cc4ncccc4C3=O)c(F)c2)cn1,EC50,'=',1900
S=C1Nc2ccc(Cl)cc2C(c2ccccc2)=N[C@H]1CC1CC1,EC50,'=',251
Cc1cnc(C(=O)N[C@H]2CCOC[C@@H]2O)cc1Cc1ccc(-c2cscn2)cc1,EC50,'>=',9200
Cc1cnc(C(=O)N[C@H]2CCOC[C@@H]2O)cc1Cc1ccc(-c2cscn2)cc1,EC50,'=',447
Cc1cnc(C(=O)N[C@H]2CCOC[C@@H]2O)cc1Cc1ccc(-c2cscn2)cc1,EC50,'=',60
Cc1cnc(C(=O)N[C@H]2CCOC[C@@H]2O)cc1Cc1ccc(-c2cocn2)cc1,EC50,'=',144
Cc1c(Cc2ccc(-c3ccn(C)n3)cc2)cc(C(=O)N[C@H]2CCCC[C@@H]2O)c(=O)n1C,EC50,'=',102
Cc1cnc(C(=O)N[C@H]2CCCC[C@@H]2O)cc1Cc1ccc(-n2cccn2)cc1,EC50,'=',92
Cc1nnc2sc(C(=O)NCc3ccc(S(=O)(=O)C(F)(F)F)cc3)c(N)c2c1C,EC50,'>',30000
CN1CC=C(C2=Nc3cc(F)ccc3Nc3ccc(Cl)cc32)CC1,EC50,'>',10000
S=C1CN=C(c2ccccc2)c2ccccc2N1,EC50,'>',10000
S=C1CN=C(c2ccccc2)c2cc(Br)ccc2N1,EC50,'=',962
CC(C)C[C@@H]1N=C(c2ccccc2)c2cc(Cl)ccc2NC1=S,EC50,'=',317
CC(C)[C@H]1N=C(c2ccccc2F)c2cc(Cl)ccc2NC1=S,EC50,'=',420
CCOC(=O)C1N=C(c2ccccc2)c2cc(Cl)ccc2NC1=S,EC50,'>',10000
CC(C)[C@@H]1N=C(c2ccccc2F)c2cc(Cl)ccc2NC1=S,EC50,'=',178
O=C(N[C@H]1CCCC[C@@H]1O)C1CN(Cc2ccc(-n3cccn3)cc2)c2ccccc2O1,EC50,'=',920
O=C(N[C@H]1CCCC[C@@H]1O)C1CN(Cc2ccc(-n3cccn3)cc2)c2cc(F)ccc2O1,EC50,'=',320
O=C(NC1CCCCC1)C1CN(Cc2ccc(-n3cccn3)cc2)c2ccccc2O1,EC50,'<',10000
O=C(N[C@H]1CCCCC1=O)C1CN(Cc2ccc(-n3cccn3)cc2)c2ccccc2O1,EC50,'=',2630.27
O=C(Nc1ncccc1F)C1CN(Cc2ccc(-n3cccn3)cc2)c2ccccc2O1,EC50,'=',2290.87
O=C(NC1CCOCC1)C1CN(Cc2ccc(-n3cccn3)cc2)c2ccccc2O1,EC50,'=',6600
C=Cc1ccc(CN2CC(C(=O)N[C@H]3CCCC[C@@H]3O)Oc3ccccc32)cn1,EC50,'=',700
Cc1ccn(-c2ccc(CN3CC(C(=O)N[C@H]4CCCC[C@@H]4O)Oc4ccccc43)cn2)n1,EC50,'=',670
Cn1nccc1-c1ccc(CN2CC(C(=O)N[C@H]3CCCC[C@@H]3O)Oc3ccccc32)cn1,EC50,'=',1300
Cc1cccc(-c2ccc(Cc3cc(C(=O)N[C@H]4CCCC[C@@H]4O)nn4cccc34)cc2)n1,EC50,'=',41
OCCOCCN1CCN(C2=Nc3ccccc3Sc3ccccc32)CC1,EC50,'>',10000
Cc1ccc2c(c1)N=C(C1=C[C@H](C)N(C)CC1)c1cc(F)ccc1N2,EC50,'>',10000
O=C(O)c1cn(Cc2ccc(N3C(=O)C=CC3=O)cc2)c2ccccc2c1=O,EC50,'=',416.87
CCOC1N=C(c2ccccc2)c2cc(Cl)ccc2NC1=S,EC50,'>',10000
CC(=O)OC1C=C(c2ccccc2F)c2cc(Cl)ccc2NC1=S,EC50,'=',649
S=C1CC(c2ccccc2)=Nc2cc(Cl)ccc2N1,EC50,'>',10000
CC(C)[C@@H]1N=C(c2ccccn2)c2cc(Cl)ccc2NC1=S,EC50,'=',289
C[N+](C)(CC#CCOC1=NOCC1)CCCCCCNC(=O)c1cn(Cc2ccccc2)c2c(F)cccc2c1=O.[Br-],EC50,'=',177.83
C[N+](C)(CC#CCOC1=NOCC1)CCCCNC(=O)c1cn(Cc2ccccc2)c2cc(Cl)c(F)cc2c1=O.[Br-],EC50,'=',32.36
Cn1cc2c(-c3ccc(CN4Cc5sccc5C4=O)c(F)c3)cccc2n1,EC50,'=',3970
Cn1cc2c(-c3cc(F)c(CN4Cc5cnn(CCN6CCCC6)c5C4=O)c(F)c3)cccc2n1,EC50,'=',739
Cn1cc2cc(-c3cc(F)c(CN4Cc5cnn(CC6CCCO6)c5C4=O)c(F)c3)ccc2n1,EC50,'=',1660
O=S(=O)(Nc1nccs1)c1cc(Cl)c(NCC23CCCN2CCC3)cc1F,EC50,'>',30000
CC(C)N1CC=C(C2=Nc3cc(Cl)ccc3Nc3ccc(F)cc32)CC1,EC50,'>',10000
Cc1ccc2c(c1)C(c1ccccc1)=NCC(=S)N2,EC50,'=',3678
,,,
Cn1cc(-c2cc(F)c(CN3C(=O)C4(CCN(C5CCCC5)C4)c4ccccc43)cc2F)cn1,EC50,'=',4100
Cn1cc(-c2ccc(CN3C(=O)C4(CCN(S(C)(=O)=O)C4)c4ccccc43)c(F)c2)cn1,EC50,'>',10000
Cn1cc(-c2ccc(CN3C(=O)C4(CCN(CCF)C4)c4ccccc43)c(F)c2)cn1,EC50,'=',4073.8
COc1ccc2c(c1)C(C1=CCN(C)CC1)=Nc1cc(C)ccc1N2,EC50,'>',10000
C[N+](C)(C)CCc1ccc2c(c1)OCC2.O=C[O-],EC50,,
Cn1cc2c(-c3cc(F)c(CN4Cc5cnn(CC6CCCO6)c5C4=O)c(F)c3)cccc2n1,EC50,'=',1120
CC(C)Oc1noc2c1CNCCC2,EC50,'=',170
COc1noc2c1CNCCC2,EC50,'=',460
Cn1ccc(-c2ccc(Cn3cc(C(=O)N[C@H]4CCCC[C@@H]4O)c4ncccc43)cc2)n1,EC50,'=',89
O=C(O)c1cn(Cc2ccc(S(=O)(=O)F)cc2)c2ccccc2c1=O,EC50,'=',316.23
Cc1cc2c(cc1Cc1ccc(-n3ccnc3)cc1)C(=O)N([C@H]1CCOC[C@@H]1O)C2,EC50,'=',68
Cn1ccc(-c2ccc(Cn3cc(C(=O)N[C@H]4CCOC[C@@H]4O)c4ncccc43)cc2)n1,EC50,'=',55
Cc1cnc(C(=O)N[C@H]2CCOC[C@@H]2O)cc1Cc1ccc(-c2cscn2)cc1,EC50,'=',60
C/C(=N\c1ccc2c(c1)[C@@H](NC(=O)c1ccc(Cl)cc1)[C@H](O)C2)N(C)Cc1ccc(F)cc1,EC50,'=',31
Cc1ccc(C(=O)N[C@H]2CCOC[C@@H]2O)cc1Cc1ccc(-n2cccn2)cc1,EC50,'=',208
C[N+](C)(C)CCc1ccc2c(c1)OCC2.O=C[O-],EC50,'=',4786.3
C[C@@H](NC(=O)/N=C(\N)NCCCc1ncn[nH]1)c1ccccc1.Cl.Cl,EC50,'>',10000
N/C(=N\C(=O)NCc1ccccc1)NCCCc1nnc(N)s1.O=C(O)C(F)(F)F.O=C(O)C(F)(F)F,EC50,'>',10000
CN1CC=C(C2=Nc3cc(Cl)ccc3Nc3ccccc32)CC1,EC50,'=',350
Cc1ccc2c(c1)N=C(C1=CCN(C)CC1)c1cc(C)ccc1N2,EC50,'>',10000
CCCCCNC(=O)/N=C(\N)NCCCc1sc(N)nc1C,EC50,'>',10000
CCCCCNC(=O)/N=C(\N)NCCCc1nnc(N)s1.O=C(O)C(F)(F)F.O=C(O)C(F)(F)F,EC50,'>',10000
